都道府県名,市町村名,,"告示別表第10
で定める
地域の区分","年間の
日射
地域区分","暖房期の
日射
地域区分"
01.北海道,ｱ,愛別町,1,3,2
01.北海道,,赤井川村,2,3,2
01.北海道,,赤平市,2,3,2
01.北海道,,旭川市,2,3,2
01.北海道,,芦別市,2,3,2
01.北海道,,足寄町,1,3,4
01.北海道,,厚岸町,2,3,3
01.北海道,,厚沢部町,3,2,2
01.北海道,,厚真町,2,3,3
01.北海道,,網走市,2,3,3
01.北海道,,安平町,2,3,3
01.北海道,ｲ,池田町,2,4,4
01.北海道,,石狩市,2,3,3
01.北海道,,今金町,2,2,2
01.北海道,,岩内町,2,2,2
01.北海道,,岩見沢市,2,3,3
01.北海道,ｳ,歌志内市,2,3,2
01.北海道,,浦臼町,2,2,2
01.北海道,,浦河町,2,3,3
01.北海道,,浦幌町,2,3,4
01.北海道,,雨竜町,2,3,2
01.北海道,ｴ,江差町,3,2,2
01.北海道,,枝幸町（旧枝幸町）,2,2,2
01.北海道,,枝幸町（旧歌登町）,1,2,2
01.北海道,,恵庭市,2,3,3
01.北海道,,江別市,2,3,3
01.北海道,,えりも町,2,3,3
01.北海道,,遠軽町,1,3,3
01.北海道,,遠別町,2,2,2
01.北海道,ｵ,雄武町,1,3,3
01.北海道,,大空町,2,3,3
01.北海道,,奥尻町,3,3,2
01.北海道,,置戸町,1,3,3
01.北海道,,興部町,1,3,3
01.北海道,,長万部町,2,2,2
01.北海道,,小樽市,2,3,2
01.北海道,,音威子府村,1,2,2
01.北海道,,音更町,2,3,4
01.北海道,,乙部町,3,2,2
01.北海道,,帯広市,2,3,4
01.北海道,,小平町,2,3,2
01.北海道,ｶ,上川町,1,3,2
01.北海道,,上士幌町,1,3,4
01.北海道,,上砂川町,2,3,2
01.北海道,,上ノ国町,3,2,2
01.北海道,,上富良野町,2,3,2
01.北海道,,神恵内村,2,2,2
01.北海道,ｷ,木古内町,2,3,3
01.北海道,,北広島市,2,3,3
01.北海道,,北見市,2,3,3
01.北海道,,喜茂別町,1,3,2
01.北海道,,京極町,2,3,2
01.北海道,,共和町,2,3,2
01.北海道,,清里町,2,3,3
01.北海道,ｸ,釧路市,2,3,4
01.北海道,,釧路町,2,3,4
01.北海道,,倶知安町,2,2,2
01.北海道,,栗山町,2,3,3
01.北海道,,黒松内町,2,2,2
01.北海道,,訓子府町,1,3,3
01.北海道,ｹ,剣淵町,2,2,2
01.北海道,ｺ,小清水町,2,3,3
01.北海道,ｻ,札幌市,2,3,3
01.北海道,,様似町,2,3,3
01.北海道,,更別村,1,3,4
01.北海道,,猿払村,1,2,2
01.北海道,,佐呂間町,1,3,3
01.北海道,ｼ,鹿追町,2,3,4
01.北海道,,鹿部町,2,3,3
01.北海道,,標茶町,1,3,3
01.北海道,,士別市,1,3,2
01.北海道,,標津町,2,3,3
01.北海道,,士幌町,2,3,4
01.北海道,,島牧村,2,2,2
01.北海道,,清水町,2,3,3
01.北海道,,占冠村,1,2,2
01.北海道,,下川町,1,3,2
01.北海道,,積丹町,2,2,2
01.北海道,,斜里町,2,3,3
01.北海道,,初山別村,2,3,2
01.北海道,,白老町,2,3,3
01.北海道,,白糠町,2,3,4
01.北海道,,知内町,3,3,2
01.北海道,,新篠津村,2,3,2
01.北海道,,新得町,2,3,3
01.北海道,,新十津川町,2,3,2
01.北海道,,新ひだか町,2,3,3
01.北海道,ｽ,寿都町,2,2,2
01.北海道,,砂川市,2,3,2
01.北海道,ｾ,せたな町,2,2,2
01.北海道,ｿ,壮瞥町,2,2,2
01.北海道,ﾀ,大樹町,1,3,4
01.北海道,,鷹栖町,2,2,2
01.北海道,,滝川市,2,3,2
01.北海道,,滝上町,1,2,2
01.北海道,,伊達市（旧伊達市）,2,3,3
01.北海道,,伊達市（旧大滝村）,1,3,3
01.北海道,ﾁ,秩父別町,2,3,2
01.北海道,,千歳市,2,3,3
01.北海道,ﾂ,月形町,2,3,2
01.北海道,,津別町,1,3,3
01.北海道,,鶴居村,1,3,3
01.北海道,ﾃ,天塩町,2,2,2
01.北海道,,弟子屈町,1,3,3
01.北海道,ﾄ,当別町,2,3,3
01.北海道,,当麻町,2,3,2
01.北海道,,洞爺湖町,2,2,2
01.北海道,,苫小牧市,2,3,3
01.北海道,,苫前町,2,3,2
01.北海道,,泊村,2,2,2
01.北海道,,豊浦町,2,2,2
01.北海道,,豊頃町,1,3,4
01.北海道,,豊富町,2,2,2
01.北海道,ﾅ,奈井江町,2,3,2
01.北海道,,中川町,1,2,2
01.北海道,,中札内村,1,3,4
01.北海道,,中標津町,1,3,3
01.北海道,,中頓別町,1,2,2
01.北海道,,長沼町,2,3,3
01.北海道,,中富良野町,2,3,2
01.北海道,,七飯町,2,3,3
01.北海道,,名寄市,1,2,2
01.北海道,,南幌町,2,3,3
01.北海道,ﾆ,新冠町,2,3,3
01.北海道,,仁木町,2,3,2
01.北海道,,西興部村,1,2,2
01.北海道,,ニセコ町,2,2,2
01.北海道,ﾇ,沼田町,2,2,2
01.北海道,ﾈ,根室市,2,3,3
01.北海道,ﾉ,登別市,2,3,3
01.北海道,ﾊ,函館市,3,3,3
01.北海道,,羽幌町,2,3,2
01.北海道,,浜頓別町,1,2,2
01.北海道,,浜中町,2,3,3
01.北海道,ﾋ,美瑛町,1,3,2
01.北海道,,東神楽町,2,3,2
01.北海道,,東川町,2,3,2
01.北海道,,日高町,2,3,3
01.北海道,,比布町,2,3,2
01.北海道,,美唄市,2,3,2
01.北海道,,美深町,1,2,2
01.北海道,,美幌町,2,3,3
01.北海道,,平取町,2,3,3
01.北海道,,広尾町,2,3,4
01.北海道,ﾌ,深川市,2,3,2
01.北海道,,福島町,3,2,2
01.北海道,,富良野市,2,3,2
01.北海道,,古平町,2,2,2
01.北海道,ﾍ,別海町,1,3,3
01.北海道,ﾎ,北斗市,2,3,3
01.北海道,,北竜町,2,3,2
01.北海道,,幌加内町,1,2,2
01.北海道,,幌延町,2,2,2
01.北海道,,本別町,2,3,4
01.北海道,ﾏ,幕別町（旧忠類村）,1,3,4
01.北海道,,幕別町（旧幕別町）,2,3,4
01.北海道,,増毛町,2,3,2
01.北海道,,真狩村,2,2,2
01.北海道,,松前町,3,2,2
01.北海道,ﾐ,三笠市,2,3,2
01.北海道,,南富良野町,1,3,3
01.北海道,ﾑ,むかわ町,2,3,3
01.北海道,,室蘭市,3,3,3
01.北海道,ﾒ,芽室町,2,3,4
01.北海道,ﾓ,妹背牛町,2,3,2
01.北海道,,森町,2,3,3
01.北海道,,紋別市,2,3,3
01.北海道,ﾔ,八雲町（旧八雲町）,2,2,2
01.北海道,,八雲町（旧熊石町）,3,2,2
01.北海道,ﾕ,夕張市,1,3,3
01.北海道,,湧別町,2,3,3
01.北海道,,由仁町,2,3,3
01.北海道,ﾖ,余市町,2,3,2
01.北海道,ﾗ,羅臼町,2,2,2
01.北海道,,蘭越町,2,2,2
01.北海道,ﾘ,陸別町,1,3,3
01.北海道,,利尻町,2,2,2
01.北海道,,利尻富士町,2,2,2
01.北海道,ﾙ,留寿都村,1,3,2
01.北海道,,留萌市,2,3,2
01.北海道,ﾚ,礼文町,2,2,2
01.北海道,ﾜ,稚内市,2,2,2
01.北海道,,和寒町,2,2,2
02.青森県,ｱ,青森市,3,3,2
02.青森県,,鰺ヶ沢町,4,3,2
02.青森県,ｲ,板柳町,3,3,2
02.青森県,,田舎館村,3,3,2
02.青森県,,今別町,3,2,2
02.青森県,ｵ,おいらせ町（旧百石町）,3,3,2
02.青森県,,おいらせ町（旧下田町）,3,3,3
02.青森県,,大間町,3,3,2
02.青森県,,大鰐町,3,2,2
02.青森県,ｶ,風間浦村,3,3,3
02.青森県,ｸ,黒石市,3,3,2
02.青森県,ｺ,五所川原市,3,3,2
02.青森県,,五戸町,3,3,3
02.青森県,ｻ,佐井村,3,3,2
02.青森県,,三戸町,3,3,3
02.青森県,ｼ,七戸町,3,3,3
02.青森県,,新郷村,3,3,3
02.青森県,ｿ,外ヶ浜町,3,3,2
02.青森県,ﾀ,田子町,3,3,2
02.青森県,ﾂ,つがる市,3,3,2
02.青森県,,鶴田町,3,3,2
02.青森県,ﾄ,東北町,3,3,3
02.青森県,,十和田市（旧十和田市）,3,3,3
02.青森県,,十和田市（旧十和田湖町）,3,2,3
02.青森県,ﾅ,中泊町,3,3,2
02.青森県,,南部町,3,3,3
02.青森県,ﾆ,西目屋村,3,3,2
02.青森県,ﾉ,野辺地町,3,3,3
02.青森県,ﾊ,階上町,3,3,3
02.青森県,,八戸市,3,3,3
02.青森県,ﾋ,東通村,3,3,3
02.青森県,,平川市（旧尾上町、旧平賀町）,3,3,2
02.青森県,,平川市（旧碇ケ関村）,2,2,2
02.青森県,,平内町,3,3,3
02.青森県,,弘前市,3,3,2
02.青森県,ﾌ,深浦町,4,3,2
02.青森県,,藤崎町,3,3,2
02.青森県,ﾐ,三沢市,3,3,3
02.青森県,ﾑ,むつ市,3,3,2
02.青森県,ﾖ,横浜町,3,3,3
02.青森県,,蓬田村,3,3,2
02.青森県,ﾛ,六戸町,3,3,3
02.青森県,,六ヶ所村,3,3,3
03.岩手県,ｲ,一関市（旧一関市、旧花泉町、旧川崎村）,4,3,3
03.岩手県,,一関市（旧大東町、旧藤沢町、旧千厩町、旧東山町、旧室根村）,3,3,3
03.岩手県,,一戸町,3,3,3
03.岩手県,,岩泉町,3,3,3
03.岩手県,,岩手町,2,3,3
03.岩手県,ｵ,奥州市,4,3,3
03.岩手県,,大槌町,4,3,3
03.岩手県,,大船渡市,4,3,3
03.岩手県,ｶ,金ケ崎町,4,3,3
03.岩手県,,釜石市,4,3,2
03.岩手県,,軽米町,3,3,3
03.岩手県,ｷ,北上市,4,3,2
03.岩手県,ｸ,久慈市,3,3,3
03.岩手県,,葛巻町,2,3,3
03.岩手県,,九戸村,2,3,3
03.岩手県,ｼ,雫石町,3,3,3
03.岩手県,,紫波町,3,3,3
03.岩手県,ｽ,住田町,3,3,3
03.岩手県,ﾀ,滝沢市,3,3,3
03.岩手県,,田野畑村,3,3,4
03.岩手県,ﾄ,遠野市,3,3,3
03.岩手県,ﾆ,西和賀町,2,3,2
03.岩手県,,二戸市,3,3,3
03.岩手県,ﾉ,野田村,3,3,3
03.岩手県,ﾊ,八幡平市（旧西根町、旧松尾村）,3,3,3
03.岩手県,,八幡平市（旧安代町）,2,3,3
03.岩手県,,花巻市,3,3,3
03.岩手県,ﾋ,平泉町,4,3,3
03.岩手県,,洋野町,3,3,3
03.岩手県,ﾌ,普代村,3,3,3
03.岩手県,ﾐ,宮古市（旧宮古市、旧田老町）,4,3,3
03.岩手県,,宮古市（旧新里村、旧川井村）,4,3,4
03.岩手県,ﾓ,盛岡市,3,3,3
03.岩手県,ﾔ,矢巾町,3,3,3
03.岩手県,,山田町,4,3,4
03.岩手県,ﾘ,陸前高田市,4,3,3
04.宮城県,ｲ,石巻市（旧石巻市）,4,4,3
04.宮城県,,石巻市（旧河北町、旧雄勝町、旧河南町、旧桃生町、旧北上町）,4,4,4
04.宮城県,,石巻市（旧牡鹿町）,4,4,2
04.宮城県,,岩沼市,4,3,3
04.宮城県,ｵ,大河原町,4,3,3
04.宮城県,,大崎市（旧古川市、旧松山町、旧三本木町、旧鹿島台町、旧岩出山町、旧田尻町）,4,3,3
04.宮城県,,大崎市（旧鳴子町）,4,3,2
04.宮城県,,大郷町,4,3,3
04.宮城県,,大衡村,4,3,3
04.宮城県,,女川町,4,3,4
04.宮城県,ｶ,角田市,4,3,3
04.宮城県,,加美町,4,3,3
04.宮城県,,川崎町,4,3,3
04.宮城県,ｸ,栗原市,4,3,3
04.宮城県,ｹ,気仙沼市（旧気仙沼市、旧本吉町）,4,3,3
04.宮城県,,気仙沼市（旧唐桑町）,4,3,4
04.宮城県,ｻ,蔵王町,4,3,3
04.宮城県,ｼ,塩竈市,4,3,2
04.宮城県,,色麻町,4,3,3
04.宮城県,,七ヶ宿町,3,3,3
04.宮城県,,七ヶ浜町,4,3,2
04.宮城県,,柴田町,4,3,3
04.宮城県,,白石市,4,3,3
04.宮城県,ｾ,仙台市,5,3,3
04.宮城県,ﾀ,大和町,4,3,3
04.宮城県,,多賀城市,5,3,3
04.宮城県,ﾄ,富谷市,4,3,3
04.宮城県,,登米市（旧迫町、旧東和町、旧中田町、旧米山町、旧石越町、旧南方町）,4,3,3
04.宮城県,,登米市（旧登米町、旧豊里町、旧津山町）,4,3,4
04.宮城県,ﾅ,名取市,4,3,3
04.宮城県,ﾋ,東松島市（旧矢本町）,4,3,3
04.宮城県,,東松島市（旧鳴瀬町）,4,3,2
04.宮城県,ﾏ,松島町,4,3,4
04.宮城県,,丸森町,4,3,3
04.宮城県,ﾐ,美里町,4,3,3
04.宮城県,,南三陸町,4,3,4
04.宮城県,ﾑ,村田町,4,3,3
04.宮城県,ﾔ,山元町,5,3,3
04.宮城県,ﾘ,利府町,4,3,3
04.宮城県,ﾜ,涌谷町,4,3,3
04.宮城県,,亘理町,4,3,3
05.秋田県,ｱ,秋田市,4,3,2
05.秋田県,ｲ,井川町,4,2,2
05.秋田県,ｳ,羽後町,3,3,2
05.秋田県,ｵ,大潟村,4,3,2
05.秋田県,,大館市,3,3,2
05.秋田県,,男鹿市,4,3,2
05.秋田県,ｶ,潟上市,4,3,2
05.秋田県,,鹿角市,3,3,2
05.秋田県,,上小阿仁村,3,3,2
05.秋田県,ｷ,北秋田市（旧鷹巣町、旧森吉町、旧合川町）,3,3,2
05.秋田県,,北秋田市（旧阿仁町）,3,2,2
05.秋田県,ｺ,小坂町,2,3,2
05.秋田県,,五城目町,4,2,2
05.秋田県,ｾ,仙北市,3,2,2
05.秋田県,ﾀ,大仙市,3,3,2
05.秋田県,ﾆ,にかほ市,5,3,1
05.秋田県,ﾉ,能代市（旧能代市）,4,3,2
05.秋田県,,能代市（旧二ツ井町）,3,3,2
05.秋田県,ﾊ,八郎潟町,4,2,2
05.秋田県,,八峰町,4,2,2
05.秋田県,ﾋ,東成瀬村,3,3,2
05.秋田県,ﾌ,藤里町,3,2,2
05.秋田県,ﾐ,美郷町,3,2,2
05.秋田県,,三種町,4,3,2
05.秋田県,ﾕ,湯沢市,3,3,2
05.秋田県,,由利本荘市,4,3,2
05.秋田県,ﾖ,横手市,3,3,2
06.山形県,ｱ,朝日町,3,3,3
06.山形県,ｲ,飯豊町,3,3,2
06.山形県,ｵ,大石田町,3,3,2
06.山形県,,大江町,3,3,3
06.山形県,,大蔵村,4,2,2
06.山形県,,小国町,3,2,2
06.山形県,,尾花沢市,3,3,2
06.山形県,ｶ,金山町,3,2,2
06.山形県,,河北町,4,3,3
06.山形県,,上山市,4,3,3
06.山形県,,川西町,3,3,2
06.山形県,ｻ,寒河江市,4,3,3
06.山形県,,酒田市（旧酒田市）,5,3,1
06.山形県,,酒田市（旧八幡町、旧松山町）,4,2,2
06.山形県,,酒田市（旧平田町）,4,3,2
06.山形県,,鮭川村,3,2,2
06.山形県,ｼ,庄内町（旧立川町）,4,2,2
06.山形県,,庄内町（旧余目町）,4,3,2
06.山形県,,白鷹町,4,3,2
06.山形県,,新庄市,3,2,2
06.山形県,ﾀ,高畠町,3,3,3
06.山形県,ﾂ,鶴岡市,4,3,2
06.山形県,ﾃ,天童市,4,3,2
06.山形県,ﾄ,戸沢村,3,2,2
06.山形県,ﾅ,長井市,3,3,2
06.山形県,,中山町,4,3,3
06.山形県,,南陽市,3,3,3
06.山形県,ﾆ,西川町,3,3,2
06.山形県,ﾋ,東根市,4,3,2
06.山形県,ﾌ,舟形町,3,2,2
06.山形県,ﾏ,真室川町,3,2,2
06.山形県,ﾐ,三川町,4,3,2
06.山形県,ﾑ,村山市,4,3,2
06.山形県,ﾓ,最上町,3,2,2
06.山形県,ﾔ,山形市,4,3,3
06.山形県,,山辺町,4,3,3
06.山形県,ﾕ,遊佐町,4,2,2
06.山形県,ﾖ,米沢市,4,3,3
07.福島県,ｱ,会津坂下町,4,3,2
07.福島県,,会津美里町（旧会津高田町、旧新鶴村）,4,3,2
07.福島県,,会津美里町（旧会津本郷町）,4,3,3
07.福島県,,会津若松市（旧会津若松市、旧河東町）,4,3,3
07.福島県,,会津若松市（旧北会津村）,4,3,2
07.福島県,,浅川町,4,3,4
07.福島県,ｲ,飯舘村,3,4,4
07.福島県,,石川町,4,4,4
07.福島県,,泉崎村,4,3,4
07.福島県,,猪苗代町,3,3,3
07.福島県,,いわき市,5,4,4
07.福島県,ｵ,大熊町,5,4,4
07.福島県,,大玉村,4,3,4
07.福島県,,小野町,3,4,4
07.福島県,ｶ,鏡石町,4,3,4
07.福島県,,葛尾村,3,4,4
07.福島県,,金山町,3,3,3
07.福島県,,川内村,3,4,4
07.福島県,,川俣町,4,3,3
07.福島県,ｷ,喜多方市（旧喜多方市、旧熱塩加納村、旧山都町、旧高郷村）,4,3,3
07.福島県,,喜多方市（旧塩川町）,4,3,2
07.福島県,,北塩原村,3,3,3
07.福島県,ｸ,国見町,4,3,3
07.福島県,ｺ,桑折町,4,3,3
07.福島県,,郡山市,5,3,3
07.福島県,ｻ,鮫川村,3,4,4
07.福島県,ｼ,下郷町,3,3,3
07.福島県,,昭和村,3,3,3
07.福島県,,白河市,4,3,4
07.福島県,,新地町,5,3,4
07.福島県,ｽ,須賀川市,4,3,4
07.福島県,ｿ,相馬市,5,3,4
07.福島県,ﾀ,只見町,3,3,2
07.福島県,,伊達市,4,3,3
07.福島県,,棚倉町,4,3,4
07.福島県,,玉川村,4,4,4
07.福島県,,田村市,4,4,4
07.福島県,ﾃ,天栄村,4,3,4
07.福島県,ﾄ,富岡町,5,4,4
07.福島県,ﾅ,中島村,4,4,4
07.福島県,,浪江町,5,4,4
07.福島県,,楢葉町,5,4,4
07.福島県,ﾆ,西会津町,4,3,2
07.福島県,,西郷村,4,3,3
07.福島県,,二本松市（旧二本松市、旧安達町）,4,3,3
07.福島県,,二本松市（旧岩代町）,4,3,4
07.福島県,,二本松市（旧東和町）,3,4,3
07.福島県,ﾊ,塙町,4,3,3
07.福島県,,磐梯町,3,3,3
07.福島県,ﾋ,檜枝岐村,2,3,4
07.福島県,,平田村,3,4,4
07.福島県,,広野町,5,4,4
07.福島県,ﾌ,福島市（旧福島市）,5,3,2
07.福島県,,福島市（旧飯野町）,5,3,3
07.福島県,,双葉町,5,4,4
07.福島県,,古殿町,4,4,4
07.福島県,ﾐ,三島町,3,3,3
07.福島県,,南会津町（旧田島町）,3,3,3
07.福島県,,南会津町（旧舘岩村）,2,3,4
07.福島県,,南会津町（旧伊南村、旧南郷村）,2,3,3
07.福島県,,南相馬市（旧原町市、旧鹿島町）,5,4,4
07.福島県,,南相馬市（旧小高町）,5,4,3
07.福島県,,三春町,4,4,4
07.福島県,ﾓ,本宮市,4,3,3
07.福島県,ﾔ,柳津町,3,3,2
07.福島県,,矢吹町,4,3,4
07.福島県,,矢祭町,4,3,3
07.福島県,ﾕ,湯川村,4,3,2
08.茨城県,ｱ,阿見町,5,3,3
08.茨城県,ｲ,石岡市,5,3,3
08.茨城県,,潮来市,6,4,4
08.茨城県,,稲敷市,5,3,3
08.茨城県,,茨城町,5,3,4
08.茨城県,ｳ,牛久市,5,3,3
08.茨城県,ｵ,大洗町,5,4,2
08.茨城県,,小美玉市（旧小川町、旧美野里町）,5,3,3
08.茨城県,,小美玉市（旧玉里村）,5,3,4
08.茨城県,ｶ,笠間市（旧笠間市、旧友部町）,5,3,4
08.茨城県,,笠間市（旧岩間町）,5,3,3
08.茨城県,,鹿嶋市,6,4,4
08.茨城県,,かすみがうら市（旧霞ケ浦町）,5,3,4
08.茨城県,,かすみがうら市（旧千代田町）,5,3,3
08.茨城県,,神栖市,6,4,4
08.茨城県,,河内町,5,3,3
08.茨城県,ｷ,北茨城市,5,4,4
08.茨城県,ｺ,古河市（旧古河市、旧総和町）,6,4,3
08.茨城県,,古河市（旧三和町）,6,4,4
08.茨城県,,五霞町,5,4,3
08.茨城県,ｻ,境町,5,4,3
08.茨城県,,桜川市,5,3,3
08.茨城県,ｼ,下妻市,5,3,4
08.茨城県,,常総市（旧水海道市）,5,3,3
08.茨城県,,常総市（旧石下町）,5,3,4
08.茨城県,,城里町（旧常北町、旧桂村）,5,3,4
08.茨城県,,城里町（旧七会村）,4,4,4
08.茨城県,ﾀ,大子町,4,3,3
08.茨城県,,高萩市,5,4,4
08.茨城県,ﾁ,筑西市（旧下館市、旧明野町、旧協和町）,5,3,3
08.茨城県,,筑西市（旧関城町）,5,3,4
08.茨城県,ﾂ,つくば市（旧つくば市）,5,3,4
08.茨城県,,つくば市（旧茎崎町）,5,3,3
08.茨城県,,つくばみらい市,5,3,3
08.茨城県,,土浦市（旧土浦市）,6,3,3
08.茨城県,,土浦市（旧新治村）,5,3,3
08.茨城県,ﾄ,東海村,5,4,3
08.茨城県,,利根町,5,3,3
08.茨城県,,取手市,5,3,3
08.茨城県,ﾅ,那珂市,5,3,4
08.茨城県,,行方市,5,3,4
08.茨城県,ﾊ,坂東市,5,4,3
08.茨城県,ﾋ,常陸太田市,5,3,4
08.茨城県,,常陸大宮市,5,3,4
08.茨城県,,日立市,6,3,3
08.茨城県,,ひたちなか市,5,4,4
08.茨城県,ﾎ,鉾田市,5,3,4
08.茨城県,ﾐ,水戸市,5,4,4
08.茨城県,,美浦村,5,3,3
08.茨城県,ﾓ,守谷市,6,3,3
08.茨城県,ﾔ,八千代町,5,3,4
08.茨城県,ﾕ,結城市,5,4,4
08.茨城県,ﾘ,龍ケ崎市,6,3,3
09.栃木県,ｱ,足利市,6,4,4
09.栃木県,ｲ,市貝町,5,4,4
09.栃木県,ｳ,宇都宮市,5,4,4
09.栃木県,ｵ,大田原市,5,3,4
09.栃木県,,小山市,5,4,4
09.栃木県,ｶ,鹿沼市,5,4,4
09.栃木県,,上三川町,5,4,4
09.栃木県,ｻ,さくら市,5,3,4
09.栃木県,,佐野市,6,4,4
09.栃木県,ｼ,塩谷町,4,3,4
09.栃木県,,下野市,5,4,4
09.栃木県,ﾀ,高根沢町,5,3,4
09.栃木県,ﾄ,栃木市（旧栃木市、旧西方町、旧大平町、旧岩舟町、旧都賀町）,5,4,4
09.栃木県,,栃木市（旧藤岡町）,5,4,3
09.栃木県,ﾅ,那珂川町,5,3,4
09.栃木県,,那須烏山市,5,3,4
09.栃木県,,那須塩原市（旧黒磯市）,4,3,3
09.栃木県,,那須塩原市（旧西那須野町、旧塩原町）,4,3,4
09.栃木県,,那須町,4,3,3
09.栃木県,ﾆ,日光市（旧日光市、旧今市市）,4,4,4
09.栃木県,,日光市（旧足尾町）,3,4,5
09.栃木県,,日光市（旧栗山村）,2,4,4
09.栃木県,,日光市（旧藤原町）,4,4,5
09.栃木県,ﾉ,野木町,5,4,3
09.栃木県,ﾊ,芳賀町,5,4,4
09.栃木県,ﾏ,益子町,5,4,4
09.栃木県,ﾐ,壬生町,5,4,4
09.栃木県,ﾓ,真岡市,5,4,4
09.栃木県,,茂木町,5,4,4
09.栃木県,ﾔ,矢板市,5,3,4
10.群馬県,ｱ,安中市（旧安中市）,5,4,5
10.群馬県,,安中市（旧松井田町）,5,4,4
10.群馬県,ｲ,伊勢崎市（旧伊勢崎市、旧佐波郡東村、旧境町）,6,4,3
10.群馬県,,伊勢崎市（旧赤堀町）,6,4,4
10.群馬県,,板倉町,5,4,3
10.群馬県,ｳ,上野村,3,4,4
10.群馬県,ｵ,邑楽町,6,4,3
10.群馬県,,大泉町,6,4,3
10.群馬県,,太田市,6,4,3
10.群馬県,ｶ,片品村,2,4,4
10.群馬県,,川場村,3,4,5
10.群馬県,,神流町,4,4,4
10.群馬県,,甘楽町,5,4,4
10.群馬県,ｷ,桐生市（旧桐生市）,6,4,4
10.群馬県,,桐生市（旧新里村）,5,4,4
10.群馬県,,桐生市（旧黒保根村）,4,4,4
10.群馬県,ｸ,草津町,2,4,5
10.群馬県,ｼ,渋川市（旧渋川市、旧北橘村、旧子持村、旧伊香保町）,5,4,5
10.群馬県,,渋川市（旧赤城村、旧小野上村）,5,4,4
10.群馬県,,下仁田町,5,4,4
10.群馬県,,昭和村,4,4,4
10.群馬県,,榛東村,5,4,4
10.群馬県,ﾀ,高崎市（旧高崎市、旧榛名町、旧箕郷町、旧群馬町、旧吉井町）,6,4,4
10.群馬県,,高崎市（旧倉渕村）,4,4,4
10.群馬県,,高崎市（旧新町）,6,4,3
10.群馬県,,高山村,3,4,4
10.群馬県,,館林市,6,4,3
10.群馬県,,玉村町,6,4,3
10.群馬県,ﾁ,千代田町,6,4,4
10.群馬県,ﾂ,嬬恋村,2,4,4
10.群馬県,ﾄ,富岡市,5,4,4
10.群馬県,ﾅ,中之条町,4,4,4
10.群馬県,,長野原町,3,4,4
10.群馬県,,南牧村,4,4,4
10.群馬県,ﾇ,沼田市（旧沼田市）,4,4,4
10.群馬県,,沼田市（旧白沢村、旧利根村）,4,4,5
10.群馬県,ﾋ,東吾妻町,4,4,4
10.群馬県,ﾌ,藤岡市,6,4,4
10.群馬県,ﾏ,前橋市,6,4,4
10.群馬県,ﾐ,みどり市（旧勢多郡東村、旧笠懸町）,5,4,4
10.群馬県,,みどり市（旧大間々町）,5,4,5
10.群馬県,,みなかみ町（旧月夜野町）,4,4,4
10.群馬県,,みなかみ町（旧水上町）,4,3,4
10.群馬県,,みなかみ町（旧新治村）,4,4,3
10.群馬県,ﾒ,明和町,6,4,3
10.群馬県,ﾖ,吉岡町,5,4,4
11.埼玉県,ｱ,上尾市,6,4,3
11.埼玉県,,朝霞市,6,3,4
11.埼玉県,ｲ,伊奈町,6,4,3
11.埼玉県,,入間市,6,4,3
11.埼玉県,ｵ,小鹿野町,5,4,4
11.埼玉県,,小川町,5,4,3
11.埼玉県,,桶川市,6,4,3
11.埼玉県,,越生町,5,3,4
11.埼玉県,ｶ,春日部市,6,4,3
11.埼玉県,,加須市,6,4,3
11.埼玉県,,神川町,5,4,4
11.埼玉県,,上里町,6,4,3
11.埼玉県,,川口市,6,3,3
11.埼玉県,,川越市,6,4,3
11.埼玉県,,川島町,5,4,3
11.埼玉県,ｷ,北本市,6,4,3
11.埼玉県,,行田市（旧行田市）,6,4,3
11.埼玉県,,行田市（旧南河原村）,6,4,4
11.埼玉県,ｸ,久喜市,6,4,3
11.埼玉県,,熊谷市（旧熊谷市）,6,4,4
11.埼玉県,,熊谷市（旧大里村、旧江南町、旧妻沼町）,6,4,3
11.埼玉県,ｺ,鴻巣市,6,4,3
11.埼玉県,,越谷市,6,3,4
11.埼玉県,ｻ,さいたま市,6,4,3
11.埼玉県,,坂戸市,6,3,3
11.埼玉県,,幸手市,6,4,3
11.埼玉県,,狭山市,6,4,3
11.埼玉県,ｼ,志木市,6,4,2
11.埼玉県,,白岡市,6,4,3
11.埼玉県,ｽ,杉戸町,6,4,3
11.埼玉県,ｿ,草加市,6,3,3
11.埼玉県,ﾁ,秩父市（旧秩父市、旧吉田町、旧荒川村）,5,4,4
11.埼玉県,,秩父市（旧大滝村）,4,4,4
11.埼玉県,ﾂ,鶴ヶ島市,6,3,3
11.埼玉県,ﾄ,ときがわ町（旧都幾川村）,5,3,4
11.埼玉県,,ときがわ町（旧玉川村）,5,3,3
11.埼玉県,,所沢市,6,4,3
11.埼玉県,,戸田市,6,3,3
11.埼玉県,ﾅ,長瀞町,5,4,4
11.埼玉県,,滑川町,5,4,3
11.埼玉県,ﾆ,新座市,6,3,2
11.埼玉県,ﾊ,蓮田市,6,4,3
11.埼玉県,,鳩山町,5,3,3
11.埼玉県,,羽生市,6,4,3
11.埼玉県,,飯能市,5,3,4
11.埼玉県,ﾋ,東秩父村,5,4,4
11.埼玉県,,東松山市,6,4,3
11.埼玉県,,日高市,5,3,3
11.埼玉県,ﾌ,深谷市,6,4,3
11.埼玉県,,富士見市,6,4,3
11.埼玉県,,ふじみ野市,6,4,3
11.埼玉県,ﾎ,本庄市（旧本庄市）,6,4,3
11.埼玉県,,本庄市（旧児玉町）,6,4,4
11.埼玉県,ﾏ,松伏町,6,3,4
11.埼玉県,ﾐ,三郷市,6,3,3
11.埼玉県,,美里町,5,4,3
11.埼玉県,,皆野町,5,4,4
11.埼玉県,,宮代町,6,4,3
11.埼玉県,,三芳町,6,4,3
11.埼玉県,ﾓ,毛呂山町,5,3,3
11.埼玉県,ﾔ,八潮市,6,3,3
11.埼玉県,ﾖ,横瀬町,5,4,4
11.埼玉県,,吉川市,6,3,4
11.埼玉県,,吉見町,5,4,3
11.埼玉県,,寄居町,5,4,3
11.埼玉県,ﾗ,嵐山町,5,4,3
11.埼玉県,ﾜ,和光市,6,3,3
11.埼玉県,,蕨市,6,3,3
12.千葉県,ｱ,旭市（旧旭市、旧飯岡町）,6,4,3
12.千葉県,,旭市（旧干潟町、旧海上町）,6,4,4
12.千葉県,,我孫子市,6,3,3
12.千葉県,ｲ,いすみ市,6,4,3
12.千葉県,,市川市,6,3,3
12.千葉県,,一宮町,6,3,3
12.千葉県,,市原市,6,3,3
12.千葉県,,印西市,5,3,3
12.千葉県,ｳ,浦安市,6,4,3
12.千葉県,ｵ,大網白里市,6,3,3
12.千葉県,,大多喜町,6,3,3
12.千葉県,,御宿町,6,4,3
12.千葉県,ｶ,柏市,6,3,4
12.千葉県,,勝浦市,7,4,3
12.千葉県,,香取市（旧佐原市）,6,3,3
12.千葉県,,香取市（旧小見川町、旧山田町、旧栗源町）,6,3,4
12.千葉県,,鎌ケ谷市,6,3,4
12.千葉県,,鴨川市,6,4,3
12.千葉県,ｷ,木更津市,6,3,3
12.千葉県,,君津市,6,3,4
12.千葉県,,鋸南町,6,4,3
12.千葉県,ｸ,九十九里町,6,4,3
12.千葉県,ｺ,神崎町,5,3,3
12.千葉県,ｻ,栄町,5,3,3
12.千葉県,,佐倉市,6,3,3
12.千葉県,,山武市（旧成東町、旧蓮沼村）,6,4,3
12.千葉県,,山武市（旧山武町、旧松尾町）,6,4,4
12.千葉県,ｼ,酒々井町,6,3,3
12.千葉県,,芝山町,6,4,4
12.千葉県,,白子町,6,3,3
12.千葉県,,白井市,6,3,3
12.千葉県,ｿ,匝瑳市（旧八日市場市）,6,4,4
12.千葉県,,匝瑳市（旧野栄町）,6,4,3
12.千葉県,,袖ケ浦市,6,3,3
12.千葉県,ﾀ,多古町,6,3,4
12.千葉県,,館山市,7,4,3
12.千葉県,ﾁ,千葉市,6,4,3
12.千葉県,,銚子市,6,4,4
12.千葉県,,長生村,6,3,3
12.千葉県,,長南町,6,3,3
12.千葉県,ﾄ,東金市,6,4,3
12.千葉県,,東庄町,6,4,4
12.千葉県,,富里市,5,3,3
12.千葉県,ﾅ,長柄町,6,3,3
12.千葉県,,流山市,6,3,4
12.千葉県,,習志野市,6,4,3
12.千葉県,,成田市,6,3,3
12.千葉県,ﾉ,野田市,6,4,3
12.千葉県,ﾌ,富津市,6,4,3
12.千葉県,,船橋市,6,4,3
12.千葉県,ﾏ,松戸市,6,3,3
12.千葉県,ﾐ,南房総市（旧富浦町、旧富山町、旧三芳村、旧千倉町、旧丸山町、旧和田町）,6,4,3
12.千葉県,,南房総市（旧白浜町）,6,4,2
12.千葉県,ﾑ,睦沢町,6,3,3
12.千葉県,ﾓ,茂原市,6,3,3
12.千葉県,ﾔ,八街市,6,4,4
12.千葉県,,八千代市,6,4,2
12.千葉県,ﾖ,横芝光町（旧光町）,6,4,3
12.千葉県,,横芝光町（旧横芝町）,6,4,4
12.千葉県,,四街道市,6,3,4
13.東京都,ｱ,青ヶ島村,7,2,2
13.東京都,,昭島市,6,4,3
13.東京都,,あきる野市,5,4,4
13.東京都,ｲ,稲城市,6,4,3
13.東京都,ｵ,青梅市,5,4,4
13.東京都,,大島町,7,4,4
13.東京都,,小笠原村,8,3,定義なし
13.東京都,,奥多摩町,4,4,3
13.東京都,ｷ,清瀬市,6,4,2
13.東京都,ｸ,国立市,6,4,4
13.東京都,ｺ,神津島村,7,4,2
13.東京都,,小金井市,6,4,3
13.東京都,,国分寺市,6,4,4
13.東京都,,小平市,6,4,2
13.東京都,,狛江市,6,3,3
13.東京都,ﾀ,立川市,6,4,3
13.東京都,,多摩市,6,4,4
13.東京都,ﾁ,調布市,6,3,3
13.東京都,ﾄ,東京都23区,6,3,3
13.東京都,,利島村,7,4,4
13.東京都,ﾆ,新島村,7,4,2
13.東京都,,西東京市,6,3,3
13.東京都,ﾊ,八王子市,6,4,3
13.東京都,,八丈町,7,2,1
13.東京都,,羽村市,5,4,3
13.東京都,ﾋ,東久留米市,6,4,4
13.東京都,,東村山市,6,4,3
13.東京都,,東大和市,6,4,3
13.東京都,,日野市,6,4,3
13.東京都,,日の出町,5,4,4
13.東京都,,檜原村,4,4,4
13.東京都,ﾌ,府中市,6,4,3
13.東京都,,福生市,6,4,3
13.東京都,ﾏ,町田市,6,4,3
13.東京都,ﾐ,御蔵島村,7,4,2
13.東京都,,瑞穂町,5,4,3
13.東京都,,三鷹市,6,3,3
13.東京都,,三宅村,7,4,2
13.東京都,ﾑ,武蔵野市,6,3,3
13.東京都,,武蔵村山市,6,4,3
14.神奈川県,ｱ,愛川町,5,3,4
14.神奈川県,,厚木市,6,3,3
14.神奈川県,,綾瀬市,6,4,3
14.神奈川県,ｲ,伊勢原市,6,3,4
14.神奈川県,ｴ,海老名市,6,3,3
14.神奈川県,ｵ,大磯町,6,4,3
14.神奈川県,,大井町,6,3,3
14.神奈川県,,小田原市,6,4,3
14.神奈川県,ｶ,開成町,6,3,3
14.神奈川県,,鎌倉市,6,4,3
14.神奈川県,,川崎市,6,4,3
14.神奈川県,ｷ,清川村,5,3,3
14.神奈川県,ｻ,相模原市,6,4,3
14.神奈川県,,座間市,6,4,3
14.神奈川県,,寒川町,6,4,3
14.神奈川県,ｽ,逗子市,6,4,3
14.神奈川県,ﾁ,茅ヶ崎市,6,4,3
14.神奈川県,ﾅ,中井町,6,4,4
14.神奈川県,ﾆ,二宮町,6,4,2
14.神奈川県,ﾊ,箱根町,6,4,4
14.神奈川県,,秦野市,6,3,3
14.神奈川県,,葉山町,6,4,3
14.神奈川県,ﾋ,平塚市,6,4,3
14.神奈川県,ﾌ,藤沢市,7,4,3
14.神奈川県,ﾏ,松田町,6,3,3
14.神奈川県,,真鶴町,6,4,3
14.神奈川県,ﾐ,三浦市,7,4,3
14.神奈川県,,南足柄市,6,3,3
14.神奈川県,ﾔ,山北町,5,3,3
14.神奈川県,,大和市,6,4,3
14.神奈川県,ﾕ,湯河原町,6,3,3
14.神奈川県,ﾖ,横須賀市,7,4,3
14.神奈川県,,横浜市,6,4,3
15.新潟県,ｱ,阿賀野市,5,3,2
15.新潟県,,阿賀町,4,3,2
15.新潟県,,粟島浦村,5,3,1
15.新潟県,ｲ,出雲崎町,5,3,2
15.新潟県,,糸魚川市,5,3,2
15.新潟県,ｳ,魚沼市,4,2,2
15.新潟県,ｵ,小千谷市,4,3,2
15.新潟県,ｶ,柏崎市,5,3,2
15.新潟県,,加茂市,5,3,2
15.新潟県,,刈羽村,5,3,2
15.新潟県,ｺ,五泉市,5,3,2
15.新潟県,ｻ,佐渡市,5,3,2
15.新潟県,,三条市,5,3,2
15.新潟県,ｼ,新発田市,5,3,1
15.新潟県,,上越市,5,3,2
15.新潟県,ｾ,聖籠町,5,3,2
15.新潟県,,関川村,4,2,2
15.新潟県,ﾀ,胎内市,5,3,1
15.新潟県,,田上町,5,3,2
15.新潟県,ﾂ,津南町,4,3,3
15.新潟県,,燕市,5,3,2
15.新潟県,ﾄ,十日町市,4,3,2
15.新潟県,ﾅ,長岡市,5,3,2
15.新潟県,ﾆ,新潟市,5,3,2
15.新潟県,ﾐ,見附市,5,3,2
15.新潟県,,南魚沼市,4,3,2
15.新潟県,,妙高市,5,3,2
15.新潟県,ﾑ,村上市,4,3,2
15.新潟県,ﾔ,弥彦村,5,3,2
15.新潟県,ﾕ,湯沢町,4,3,3
16.富山県,ｱ,朝日町,5,3,2
16.富山県,ｲ,射水市,5,3,2
16.富山県,ｳ,魚津市,5,3,2
16.富山県,ｵ,小矢部市,5,3,2
16.富山県,ｶ,上市町,5,3,2
16.富山県,ｸ,黒部市,5,3,2
16.富山県,ﾀ,高岡市,5,3,2
16.富山県,,立山町,5,3,2
16.富山県,ﾄ,砺波市,5,3,2
16.富山県,,富山市,5,3,2
16.富山県,ﾅ,滑川市,5,3,2
16.富山県,,南砺市,5,3,2
16.富山県,ﾆ,入善町,5,3,2
16.富山県,ﾋ,氷見市,5,3,2
16.富山県,ﾌ,舟橋村,5,3,2
17.石川県,ｱ,穴水町,5,3,2
17.石川県,ｳ,内灘町,5,3,2
17.石川県,ｶ,加賀市,5,3,2
17.石川県,,金沢市,6,3,3
17.石川県,,かほく市,5,3,2
17.石川県,,川北町,5,3,2
17.石川県,ｺ,小松市,6,3,1
17.石川県,ｼ,志賀町,5,3,2
17.石川県,ｽ,珠洲市,5,3,2
17.石川県,ﾂ,津幡町,5,3,2
17.石川県,ﾅ,中能登町,5,3,2
17.石川県,,七尾市,5,3,2
17.石川県,ﾉ,能登町,5,3,2
17.石川県,,野々市市,6,3,3
17.石川県,,能美市,5,3,2
17.石川県,ﾊ,羽咋市,5,3,2
17.石川県,,白山市（旧松任市）,6,3,3
17.石川県,,白山市（旧美川町）,5,3,3
17.石川県,,白山市（旧鶴来町）,5,3,2
17.石川県,,白山市（旧河内村）,4,3,3
17.石川県,,白山市（旧吉野谷村、旧鳥越村、旧尾口村）,4,3,2
17.石川県,,白山市（旧白峰村）,3,3,2
17.石川県,ﾎ,宝達志水町,5,3,2
17.石川県,ﾜ,輪島市,5,3,2
18.福井県,ｱ,あわら市,5,3,2
18.福井県,ｲ,池田町,4,3,2
18.福井県,ｴ,永平寺町,5,3,2
18.福井県,,越前市,6,3,1
18.福井県,,越前町,6,3,1
18.福井県,ｵ,おおい町,6,3,1
18.福井県,,大野市,5,3,2
18.福井県,,小浜市,6,3,1
18.福井県,ｶ,勝山市,5,3,2
18.福井県,ｻ,坂井市,5,3,2
18.福井県,,鯖江市,6,3,1
18.福井県,ﾀ,高浜町,6,3,1
18.福井県,ﾂ,敦賀市,6,3,2
18.福井県,ﾌ,福井市,6,3,2
18.福井県,ﾐ,南越前町,5,3,2
18.福井県,,美浜町,6,3,2
18.福井県,ﾜ,若狭町,5,3,1
19.山梨県,ｲ,市川三郷町（旧三珠町）,5,4,5
19.山梨県,,市川三郷町（旧市川大門町、旧六郷町）,5,4,4
19.山梨県,ｳ,上野原市,5,4,4
19.山梨県,ｵ,大月市,5,4,5
19.山梨県,,忍野村,3,4,5
19.山梨県,ｶ,甲斐市,5,5,4
19.山梨県,ｺ,甲州市（旧塩山市、旧勝沼町）,5,5,5
19.山梨県,,甲州市（旧大和村）,4,5,5
19.山梨県,,甲府市（旧甲府市）,6,5,4
19.山梨県,,甲府市（旧中道町）,5,4,5
19.山梨県,,甲府市（旧上九一色村）,4,5,4
19.山梨県,,小菅村,3,4,3
19.山梨県,ｼ,昭和町,6,4,4
19.山梨県,ﾀ,丹波山村,3,4,3
19.山梨県,ﾁ,中央市,5,4,4
19.山梨県,ﾂ,都留市,5,4,4
19.山梨県,ﾄ,道志村,4,4,5
19.山梨県,ﾅ,鳴沢村,3,4,4
19.山梨県,,南部町（旧南部町）,6,4,3
19.山梨県,,南部町（旧富沢町）,6,4,4
19.山梨県,ﾆ,西桂町,4,4,5
19.山梨県,,韮崎市,5,5,5
19.山梨県,ﾊ,早川町,5,4,4
19.山梨県,ﾌ,笛吹市（旧春日居町、旧石和町）,5,5,4
19.山梨県,,笛吹市（旧御坂町、旧一宮町、旧八代町、旧境川村）,5,5,5
19.山梨県,,笛吹市（旧芦川村）,3,5,4
19.山梨県,,富士河口湖町（旧上九一色村、旧勝山村、旧足和田村）,4,4,4
19.山梨県,,富士河口湖町（旧河口湖町）,4,4,5
19.山梨県,,富士川町,5,4,4
19.山梨県,,富士吉田市,4,4,5
19.山梨県,ﾎ,北杜市（旧明野村、旧大泉村、旧白州町）,4,5,5
19.山梨県,,北杜市（旧須玉町、旧高根町、旧長坂町）,4,5,4
19.山梨県,,北杜市（旧小淵沢町）,3,5,5
19.山梨県,,北杜市（旧武川村）,5,4,4
19.山梨県,ﾐ,南アルプス市（旧八田村、旧白根町、旧若草町、旧櫛形町、旧甲西町）,5,4,4
19.山梨県,,南アルプス市（旧芦安村）,5,4,5
19.山梨県,,身延町,5,4,4
19.山梨県,ﾔ,山中湖村,3,4,5
19.山梨県,,山梨市（旧山梨市、旧牧丘町）,5,5,4
19.山梨県,,山梨市（旧三富村）,5,5,3
20.長野県,ｱ,青木村,4,5,4
20.長野県,,上松町,3,4,5
20.長野県,,朝日村,3,5,5
20.長野県,,阿智村（旧清内路村、旧浪合村）,4,4,5
20.長野県,,阿智村（旧阿智村）,4,4,3
20.長野県,,安曇野市,4,4,4
20.長野県,,阿南町,4,4,3
20.長野県,ｲ,飯島町,4,5,5
20.長野県,,飯田市,5,4,4
20.長野県,,飯綱町,3,4,4
20.長野県,,飯山市,4,3,3
20.長野県,,生坂村,3,4,4
20.長野県,,池田町,4,4,4
20.長野県,,伊那市,4,5,5
20.長野県,ｳ,上田市（旧上田市、旧丸子町）,4,5,5
20.長野県,,上田市（旧真田町、旧武石村）,3,5,5
20.長野県,,売木村,3,4,3
20.長野県,ｵ,王滝村,3,4,4
20.長野県,,大桑村,4,4,4
20.長野県,,大鹿村,4,5,5
20.長野県,,大町市,3,4,4
20.長野県,,岡谷市,3,5,5
20.長野県,,小川村,3,4,3
20.長野県,,小谷村,3,4,4
20.長野県,,小布施町,4,4,4
20.長野県,,麻績村,3,4,4
20.長野県,ｶ,軽井沢町,2,4,5
20.長野県,,川上村,2,5,5
20.長野県,ｷ,木島平村,4,3,3
20.長野県,,木曽町（旧木曽福島町）,3,5,5
20.長野県,,木曽町（旧日義村、旧三岳村）,3,4,5
20.長野県,,木曽町（旧開田村）,2,4,5
20.長野県,,木祖村,2,5,5
20.長野県,,北相木村,2,5,5
20.長野県,ｺ,小海町,3,4,5
20.長野県,,駒ヶ根市,4,5,5
20.長野県,,小諸市,3,5,5
20.長野県,ｻ,栄村,4,3,3
20.長野県,,坂城町,4,4,4
20.長野県,,佐久市,3,5,5
20.長野県,,佐久穂町,3,4,5
20.長野県,ｼ,塩尻市（旧塩尻市）,4,5,5
20.長野県,,塩尻市（旧楢川村）,2,5,5
20.長野県,,信濃町,3,3,3
20.長野県,,下條村,4,4,5
20.長野県,,下諏訪町,4,5,5
20.長野県,ｽ,須坂市,4,4,4
20.長野県,,諏訪市,4,5,5
20.長野県,ﾀ,喬木村,5,4,4
20.長野県,,高森町,4,4,4
20.長野県,,高山村,3,4,4
20.長野県,,辰野町,3,5,5
20.長野県,,立科町,3,5,5
20.長野県,ﾁ,筑北村,3,4,4
20.長野県,,千曲市,4,4,4
20.長野県,,茅野市,3,5,5
20.長野県,ﾃ,天龍村,4,4,3
20.長野県,ﾄ,東御市,4,5,5
20.長野県,,豊丘村,4,4,4
20.長野県,ﾅ,中川村,4,5,5
20.長野県,,中野市（旧中野市）,4,3,4
20.長野県,,中野市（旧豊田村）,4,3,3
20.長野県,,長野市（旧長野市、旧大岡村、旧信州新町、旧豊野町、旧戸隠村、旧鬼無里村）,4,4,4
20.長野県,,長野市（旧中条村）,4,4,3
20.長野県,,長和町,3,5,5
20.長野県,,南木曽町,4,4,3
20.長野県,ﾈ,根羽村,4,4,3
20.長野県,ﾉ,野沢温泉村,3,3,3
20.長野県,ﾊ,白馬村,3,4,4
20.長野県,,原村,3,5,5
20.長野県,ﾋ,平谷村,3,4,4
20.長野県,ﾌ,富士見町,3,5,5
20.長野県,ﾏ,松川町,4,5,4
20.長野県,,松川村,4,4,4
20.長野県,,松本市（旧松本市、旧波田町、旧梓川村）,4,5,5
20.長野県,,松本市（旧四賀村）,4,5,4
20.長野県,,松本市（旧奈川村、旧安曇村）,4,4,5
20.長野県,ﾐ,南相木村,2,5,5
20.長野県,,南牧村,2,5,5
20.長野県,,南箕輪村,4,5,5
20.長野県,,箕輪町,4,5,5
20.長野県,,宮田村,4,5,5
20.長野県,,御代田町,3,5,5
20.長野県,ﾔ,泰阜村,4,5,4
20.長野県,,山形村,4,4,5
20.長野県,,山ノ内町,3,4,4
21.岐阜県,ｱ,安八町,6,4,2
21.岐阜県,ｲ,池田町,6,4,3
21.岐阜県,,揖斐川町（旧揖斐川町、旧久瀬村、旧坂内村）,6,4,3
21.岐阜県,,揖斐川町（旧谷汲村、旧春日村）,6,4,2
21.岐阜県,,揖斐川町（旧藤橋村）,6,3,3
21.岐阜県,ｴ,恵那市（旧恵那市、旧岩村町、旧山岡町、旧明智町）,5,4,4
21.岐阜県,,恵那市（旧串原村、旧上矢作町）,5,4,3
21.岐阜県,ｵ,大垣市（旧大垣市、旧墨俣町）,6,4,3
21.岐阜県,,大垣市（旧上石津町）,5,3,2
21.岐阜県,,大野町,6,4,3
21.岐阜県,ｶ,海津市,6,4,3
21.岐阜県,,各務原市,6,4,3
21.岐阜県,,笠松町,6,4,3
21.岐阜県,,可児市,6,4,3
21.岐阜県,,川辺町,5,4,4
21.岐阜県,ｷ,北方町,6,4,3
21.岐阜県,,岐南町,6,4,3
21.岐阜県,,岐阜市,6,4,3
21.岐阜県,ｸ,郡上市（旧八幡町、旧大和町、旧明宝村、旧和良村）,4,4,3
21.岐阜県,,郡上市（旧白鳥町）,4,3,3
21.岐阜県,,郡上市（旧高鷲村）,3,4,3
21.岐阜県,,郡上市（旧美並村）,5,4,4
21.岐阜県,ｹ,下呂市（旧萩原町、旧下呂町）,4,4,3
21.岐阜県,,下呂市（旧小坂町）,3,4,4
21.岐阜県,,下呂市（旧金山町）,4,4,4
21.岐阜県,,下呂市（旧馬瀬村）,3,4,3
21.岐阜県,ｺ,神戸町,6,4,3
21.岐阜県,ｻ,坂祝町,5,4,3
21.岐阜県,ｼ,白川町,5,4,4
21.岐阜県,,白川村,3,3,3
21.岐阜県,ｾ,関ケ原町,5,3,2
21.岐阜県,,関市,6,4,3
21.岐阜県,ﾀ,高山市,4,3,3
21.岐阜県,,多治見市,6,4,3
21.岐阜県,,垂井町,6,4,3
21.岐阜県,ﾄ,土岐市,5,4,4
21.岐阜県,,富加町,5,4,3
21.岐阜県,ﾅ,中津川市（旧山口村、旧加子母村）,4,4,4
21.岐阜県,,中津川市（旧中津川市）,5,4,4
21.岐阜県,,中津川市（旧坂下町、旧川上村、旧付知町、旧福岡町、旧蛭川村）,4,4,3
21.岐阜県,ﾊ,羽島市,6,4,3
21.岐阜県,ﾋ,東白川村,4,4,3
21.岐阜県,,飛騨市（旧古川町、旧河合村、旧神岡町）,3,3,3
21.岐阜県,,飛騨市（旧宮川村）,3,3,2
21.岐阜県,,七宗町,5,4,4
21.岐阜県,ﾐ,瑞浪市,5,4,4
21.岐阜県,,瑞穂市,6,4,3
21.岐阜県,,御嵩町,5,4,4
21.岐阜県,,美濃加茂市,6,4,3
21.岐阜県,,美濃市,5,4,3
21.岐阜県,ﾓ,本巣市（旧本巣町）,6,4,4
21.岐阜県,,本巣市（旧真正町、旧糸貫町）,6,4,3
21.岐阜県,,本巣市（旧根尾村）,4,3,3
21.岐阜県,ﾔ,八百津町,5,4,4
21.岐阜県,,山県市（旧高富町、旧伊自良村）,6,4,2
21.岐阜県,,山県市（旧美山町）,6,4,3
21.岐阜県,ﾖ,養老町,6,4,2
21.岐阜県,ﾜ,輪之内町,6,4,3
22.静岡県,ｱ,熱海市,6,4,4
22.静岡県,ｲ,伊豆市,6,3,3
22.静岡県,,伊豆の国市,6,3,3
22.静岡県,,伊東市,7,4,2
22.静岡県,,磐田市（旧磐田市、旧竜洋町、旧豊田町、旧豊岡村）,7,4,3
22.静岡県,,磐田市（旧福田町）,7,4,2
22.静岡県,ｵ,御前崎市（旧御前崎町）,7,5,2
22.静岡県,,御前崎市（旧浜岡町）,7,5,4
22.静岡県,,小山町,5,4,4
22.静岡県,ｶ,掛川市（旧掛川市）,6,4,4
22.静岡県,,掛川市（旧大須賀町、旧大東町）,6,4,3
22.静岡県,,河津町,7,4,4
22.静岡県,,川根本町（旧中川根町）,5,4,3
22.静岡県,,川根本町（旧本川根町）,5,4,4
22.静岡県,,函南町,6,4,3
22.静岡県,ｷ,菊川市,6,4,4
22.静岡県,ｺ,湖西市（旧湖西市）,6,4,4
22.静岡県,,湖西市（旧新居町）,6,4,3
22.静岡県,,御殿場市,5,3,4
22.静岡県,ｼ,静岡市（旧静岡市）,7,4,4
22.静岡県,,静岡市（旧清水市、旧蒲原町、旧由比町）,7,4,3
22.静岡県,,島田市,6,4,4
22.静岡県,,清水町,7,4,3
22.静岡県,,下田市,7,4,4
22.静岡県,ｽ,裾野市,6,4,4
22.静岡県,ﾅ,長泉町,6,4,4
22.静岡県,ﾆ,西伊豆町（旧西伊豆町）,6,4,4
22.静岡県,,西伊豆町（旧賀茂村）,6,4,3
22.静岡県,ﾇ,沼津市（旧沼津市）,7,4,2
22.静岡県,,沼津市（旧戸田村）,7,4,3
22.静岡県,ﾊ,浜松市,6,4,4
22.静岡県,ﾋ,東伊豆町,7,4,3
22.静岡県,ﾌ,袋井市,6,4,4
22.静岡県,,藤枝市,7,4,3
22.静岡県,,富士市（旧富士市）,7,4,4
22.静岡県,,富士市（旧富士川町）,7,4,3
22.静岡県,,富士宮市,6,4,4
22.静岡県,ﾏ,牧之原市,7,4,3
22.静岡県,,松崎町,7,4,4
22.静岡県,ﾐ,三島市,6,4,3
22.静岡県,,南伊豆町,7,4,4
22.静岡県,ﾓ,森町,6,4,4
22.静岡県,ﾔ,焼津市,7,4,3
22.静岡県,ﾖ,吉田町,7,4,3
23.愛知県,ｱ,愛西市,6,4,3
23.愛知県,,阿久比町,6,4,4
23.愛知県,,あま市,6,4,3
23.愛知県,,安城市,6,4,4
23.愛知県,ｲ,一宮市,6,4,3
23.愛知県,,稲沢市,6,4,3
23.愛知県,,犬山市,6,4,4
23.愛知県,,岩倉市,6,4,3
23.愛知県,ｵ,大口町,6,4,4
23.愛知県,,大治町,6,4,3
23.愛知県,,大府市,6,4,4
23.愛知県,,岡崎市,6,4,4
23.愛知県,,尾張旭市,6,4,4
23.愛知県,ｶ,春日井市,6,4,4
23.愛知県,,蟹江町,6,4,3
23.愛知県,,蒲郡市,6,4,4
23.愛知県,,刈谷市,6,4,4
23.愛知県,ｷ,北名古屋市,6,4,3
23.愛知県,,清須市,6,4,3
23.愛知県,ｺ,幸田町,6,4,4
23.愛知県,,江南市,6,4,3
23.愛知県,,小牧市,6,4,4
23.愛知県,ｼ,設楽町（旧設楽町）,5,4,4
23.愛知県,,設楽町（旧津具村）,4,4,4
23.愛知県,,新城市,6,4,4
23.愛知県,ｾ,瀬戸市,6,4,4
23.愛知県,ﾀ,高浜市,6,4,4
23.愛知県,,武豊町,6,4,4
23.愛知県,,田原市（旧田原町）,6,4,4
23.愛知県,,田原市（旧赤羽根町）,6,4,2
23.愛知県,,田原市（旧渥美町）,6,4,3
23.愛知県,ﾁ,知多市,6,4,3
23.愛知県,,知立市,6,4,4
23.愛知県,ﾂ,津島市,6,4,3
23.愛知県,ﾄ,東栄町,5,4,3
23.愛知県,,東海市,6,4,3
23.愛知県,,東郷町,6,4,4
23.愛知県,,常滑市,6,4,3
23.愛知県,,飛島村,6,4,3
23.愛知県,,豊明市,6,4,4
23.愛知県,,豊川市,6,4,4
23.愛知県,,豊田市（旧豊田市、旧藤岡町、旧小原村、旧足助町、旧下山村、旧旭町）,6,4,3
23.愛知県,,豊田市（旧稲武町）,4,4,3
23.愛知県,,豊根村,4,4,4
23.愛知県,,豊橋市,7,4,3
23.愛知県,,豊山町,6,4,4
23.愛知県,ﾅ,長久手市,6,4,4
23.愛知県,,名古屋市,6,4,4
23.愛知県,ﾆ,西尾市（旧西尾市、旧吉良町、旧幡豆町）,6,4,4
23.愛知県,,西尾市（旧一色町）,6,4,2
23.愛知県,,日進市,6,4,4
23.愛知県,ﾊ,半田市,6,4,4
23.愛知県,ﾋ,東浦町,6,4,4
23.愛知県,ﾌ,扶桑町,6,4,3
23.愛知県,ﾍ,碧南市,6,4,4
23.愛知県,ﾐ,南知多町,6,4,4
23.愛知県,,美浜町,6,4,4
23.愛知県,,みよし市,6,4,4
23.愛知県,ﾔ,弥富市,6,4,3
24.三重県,ｱ,朝日町,6,4,3
24.三重県,ｲ,伊賀市,5,3,3
24.三重県,,伊勢市,6,4,3
24.三重県,,いなべ市（旧北勢町、旧藤原町）,5,3,4
24.三重県,,いなべ市（旧員弁町）,6,4,3
24.三重県,,いなべ市（旧大安町）,6,3,4
24.三重県,ｵ,大台町（旧大台町）,6,3,3
24.三重県,,大台町（旧宮川村）,6,3,4
24.三重県,,尾鷲市,6,4,4
24.三重県,ｶ,亀山市（旧亀山市）,6,4,4
24.三重県,,亀山市（旧関町）,6,4,3
24.三重県,,川越町,6,4,3
24.三重県,ｷ,木曽岬町,6,4,3
24.三重県,,紀宝町,7,4,4
24.三重県,,紀北町（旧紀伊長島町）,6,4,3
24.三重県,,紀北町（旧海山町）,6,4,4
24.三重県,ｸ,熊野市,7,4,4
24.三重県,,桑名市,6,4,3
24.三重県,ｺ,菰野町,6,3,4
24.三重県,ｼ,志摩市（旧浜島町）,6,4,2
24.三重県,,志摩市（旧大王町、旧志摩町、旧阿児町、旧磯部町）,6,4,3
24.三重県,ｽ,鈴鹿市,6,4,4
24.三重県,ﾀ,大紀町（旧大宮町、旧紀勢町）,6,4,3
24.三重県,,大紀町（旧大内山村）,6,4,4
24.三重県,,多気町,6,4,3
24.三重県,,玉城町,6,4,3
24.三重県,ﾂ,津市（旧津市、旧久居市、旧河芸町、旧安濃町、旧香良洲町、旧一志町）,6,4,3
24.三重県,,津市（旧芸濃町、旧美里村）,6,4,4
24.三重県,,津市（旧白山町）,6,3,4
24.三重県,,津市（旧美杉村）,5,3,3
24.三重県,ﾄ,東員町,6,4,3
24.三重県,,鳥羽市,6,4,3
24.三重県,ﾅ,名張市,5,3,3
24.三重県,ﾏ,松阪市（旧松阪市、旧嬉野町、旧三雲町、旧飯高町）,6,4,3
24.三重県,,松阪市（旧飯南町）,6,4,2
24.三重県,ﾐ,南伊勢町,6,4,3
24.三重県,,御浜町,7,4,4
24.三重県,ﾒ,明和町,6,4,3
24.三重県,ﾖ,四日市市,6,4,3
24.三重県,ﾜ,度会町,6,4,3
25.滋賀県,ｱ,愛荘町,5,4,3
25.滋賀県,ｵ,近江八幡市,6,4,2
25.滋賀県,,大津市（旧大津市）,5,4,3
25.滋賀県,,大津市（旧志賀町）,5,4,2
25.滋賀県,ｸ,草津市,6,4,2
25.滋賀県,ｺ,甲賀市,5,3,3
25.滋賀県,,甲良町,5,3,2
25.滋賀県,,湖南市,5,3,3
25.滋賀県,ﾀ,高島市,5,3,2
25.滋賀県,,多賀町,5,3,2
25.滋賀県,ﾄ,豊郷町,5,4,2
25.滋賀県,ﾅ,長浜市（旧長浜市、旧浅井町、旧虎姫町、旧湖北町、旧びわ町、旧高月町、旧木之本町、旧余呉町）,5,4,3
25.滋賀県,,長浜市（旧西浅井町）,5,4,2
25.滋賀県,ﾋ,東近江市（旧八日市市、旧蒲生町、旧永源寺町、旧五個荘町、旧愛東町、旧湖東町）,5,3,3
25.滋賀県,,東近江市（旧能登川町）,5,3,2
25.滋賀県,,彦根市,5,4,2
25.滋賀県,,日野町,5,3,3
25.滋賀県,ﾏ,米原市（旧山東町、旧米原町、旧近江町）,5,4,2
25.滋賀県,,米原市（旧伊吹町）,5,4,3
25.滋賀県,ﾓ,守山市,6,4,2
25.滋賀県,ﾔ,野洲市,5,4,2
25.滋賀県,ﾘ,栗東市,5,4,2
25.滋賀県,,竜王町,5,3,3
26.京都府,ｱ,綾部市,5,3,2
26.京都府,ｲ,井手町,6,4,2
26.京都府,,伊根町,6,3,1
26.京都府,ｳ,宇治市,6,4,3
26.京都府,,宇治田原町,5,4,2
26.京都府,ｵ,大山崎町,6,4,2
26.京都府,ｶ,笠置町,5,4,3
26.京都府,,亀岡市,5,3,2
26.京都府,ｷ,木津川市,6,4,2
26.京都府,,京田辺市,6,4,2
26.京都府,,京丹後市,5,3,1
26.京都府,,京丹波町,5,3,2
26.京都府,,京都市,6,3,2
26.京都府,ｸ,久御山町,6,4,3
26.京都府,ｼ,城陽市,6,4,2
26.京都府,ｾ,精華町,6,4,2
26.京都府,ﾅ,長岡京市,6,4,2
26.京都府,,南丹市（旧美山町）,5,3,2
26.京都府,,南丹市（旧園部町、旧八木町、旧日吉町）,5,3,3
26.京都府,ﾌ,福知山市,5,3,2
26.京都府,ﾏ,舞鶴市,6,3,1
26.京都府,ﾐ,南山城村,5,3,3
26.京都府,,宮津市,5,3,1
26.京都府,ﾑ,向日市,6,3,2
26.京都府,ﾔ,八幡市,6,4,2
26.京都府,ﾖ,与謝野町,5,3,1
26.京都府,ﾜ,和束町,5,4,3
27.大阪府,ｲ,池田市,6,4,3
27.大阪府,,泉大津市,6,4,3
27.大阪府,,泉佐野市,6,4,3
27.大阪府,,和泉市,6,4,3
27.大阪府,,茨木市,6,4,3
27.大阪府,ｵ,大阪狭山市,6,4,3
27.大阪府,,大阪市,6,4,3
27.大阪府,ｶ,貝塚市,6,4,3
27.大阪府,,柏原市,6,4,3
27.大阪府,,交野市,6,4,3
27.大阪府,,門真市,6,4,3
27.大阪府,,河南町,6,4,2
27.大阪府,,河内長野市,6,4,3
27.大阪府,ｷ,岸和田市,6,4,3
27.大阪府,ｸ,熊取町,6,4,3
27.大阪府,ｻ,堺市（旧堺市）,6,4,3
27.大阪府,,堺市（旧美原町）,6,4,2
27.大阪府,ｼ,四條畷市,6,4,4
27.大阪府,,島本町,6,4,2
27.大阪府,ｽ,吹田市,6,4,3
27.大阪府,ｾ,摂津市,6,4,3
27.大阪府,,泉南市,6,4,3
27.大阪府,ﾀ,太子町,6,4,2
27.大阪府,,大東市,6,4,2
27.大阪府,,高石市,6,4,3
27.大阪府,,高槻市,6,4,2
27.大阪府,,田尻町,6,4,3
27.大阪府,,忠岡町,6,4,3
27.大阪府,ﾁ,千早赤阪村,6,4,2
27.大阪府,ﾄ,豊中市,6,4,3
27.大阪府,,豊能町,5,4,2
27.大阪府,,富田林市,6,4,2
27.大阪府,ﾈ,寝屋川市,6,4,3
27.大阪府,ﾉ,能勢町,5,3,3
27.大阪府,ﾊ,羽曳野市,6,4,2
27.大阪府,,阪南市,6,4,2
27.大阪府,ﾋ,東大阪市,6,4,2
27.大阪府,,枚方市,6,4,3
27.大阪府,ﾌ,藤井寺市,6,4,2
27.大阪府,ﾏ,松原市,6,4,2
27.大阪府,ﾐ,岬町,7,4,2
27.大阪府,,箕面市,6,4,3
27.大阪府,ﾓ,守口市,6,4,3
27.大阪府,ﾔ,八尾市,6,4,2
28.兵庫県,ｱ,相生市,6,4,3
28.兵庫県,,明石市,6,4,2
28.兵庫県,,赤穂市,6,4,4
28.兵庫県,,朝来市,5,3,2
28.兵庫県,,芦屋市,6,4,3
28.兵庫県,,尼崎市,6,4,3
28.兵庫県,,淡路市,6,4,3
28.兵庫県,ｲ,伊丹市,6,4,3
28.兵庫県,,市川町,5,4,2
28.兵庫県,,猪名川町,5,3,3
28.兵庫県,,稲美町,6,4,3
28.兵庫県,ｵ,小野市,6,4,4
28.兵庫県,ｶ,加古川市,6,4,4
28.兵庫県,,加西市,5,4,4
28.兵庫県,,加東市（旧社町、旧東条町）,5,4,3
28.兵庫県,,加東市（旧滝野町）,5,4,2
28.兵庫県,,神河町（旧神崎町）,5,3,2
28.兵庫県,,神河町（旧大河内町）,5,3,3
28.兵庫県,,上郡町,5,4,3
28.兵庫県,,香美町（旧香住町）,6,3,2
28.兵庫県,,香美町（旧村岡町、旧美方町）,4,3,1
28.兵庫県,,川西市,6,4,3
28.兵庫県,ｺ,神戸市,6,4,3
28.兵庫県,ｻ,佐用町,5,4,3
28.兵庫県,,三田市,5,4,3
28.兵庫県,ｼ,宍粟市（旧山崎町）,5,4,3
28.兵庫県,,宍粟市（旧一宮町、旧波賀町、旧千種町）,5,3,3
28.兵庫県,,新温泉町（旧浜坂町）,6,3,1
28.兵庫県,,新温泉町（旧温泉町）,5,3,2
28.兵庫県,ｽ,洲本市,6,4,3
28.兵庫県,ﾀ,太子町,6,4,4
28.兵庫県,,高砂市,6,4,3
28.兵庫県,,多可町,5,3,2
28.兵庫県,,宝塚市,6,4,3
28.兵庫県,,たつの市（旧龍野市、旧新宮町）,6,4,3
28.兵庫県,,たつの市（旧揖保川町、旧御津町）,6,4,4
28.兵庫県,,丹波篠山市,5,3,3
28.兵庫県,,丹波市,5,3,2
28.兵庫県,ﾄ,豊岡市,5,3,2
28.兵庫県,ﾆ,西宮市,6,4,3
28.兵庫県,,西脇市,5,3,2
28.兵庫県,ﾊ,播磨町,6,4,3
28.兵庫県,ﾋ,姫路市（旧姫路市、旧夢前町、旧安富町）,6,4,3
28.兵庫県,,姫路市（旧家島町、旧香寺町）,6,4,2
28.兵庫県,ﾌ,福崎町,6,4,2
28.兵庫県,ﾐ,三木市（旧三木市）,6,4,4
28.兵庫県,,三木市（旧吉川町）,6,4,3
28.兵庫県,,南あわじ市,6,4,3
28.兵庫県,ﾔ,養父市,5,3,2
29.奈良県,ｱ,明日香村,6,3,2
29.奈良県,,安堵町,6,4,2
29.奈良県,ｲ,斑鳩町,6,4,2
29.奈良県,,生駒市,5,4,2
29.奈良県,ｳ,宇陀市,5,4,3
29.奈良県,ｵ,王寺町,6,4,2
29.奈良県,,大淀町,5,3,3
29.奈良県,ｶ,香芝市,6,4,2
29.奈良県,,橿原市,6,4,2
29.奈良県,,葛城市,6,4,2
29.奈良県,,上北山村,5,3,3
29.奈良県,,河合町,6,4,2
29.奈良県,,川上村,4,3,3
29.奈良県,,川西町,6,4,2
29.奈良県,,上牧町,6,4,2
29.奈良県,ｸ,黒滝村,4,3,3
29.奈良県,ｺ,広陵町,6,4,2
29.奈良県,,五條市（旧五條市、旧西吉野村）,6,3,2
29.奈良県,,五條市（旧大塔村）,4,3,2
29.奈良県,,御所市,6,4,2
29.奈良県,ｻ,桜井市,6,3,2
29.奈良県,,三郷町,6,4,2
29.奈良県,ｼ,下市町,5,3,3
29.奈良県,,下北山村,5,3,2
29.奈良県,ｿ,曽爾村,4,3,4
29.奈良県,ﾀ,高取町,6,4,2
29.奈良県,,田原本町,6,4,2
29.奈良県,ﾃ,天川村,4,3,3
29.奈良県,,天理市,6,4,2
29.奈良県,ﾄ,十津川村,5,3,3
29.奈良県,ﾅ,奈良市（旧奈良市、旧月ケ瀬村）,6,4,2
29.奈良県,,奈良市（旧都祁村）,4,4,2
29.奈良県,ﾉ,野迫川村,3,3,2
29.奈良県,ﾋ,東吉野村,5,3,3
29.奈良県,ﾍ,平群町,5,4,2
29.奈良県,ﾐ,御杖村,4,3,4
29.奈良県,,三宅町,6,4,2
29.奈良県,ﾔ,山添村,5,4,3
29.奈良県,,大和郡山市,6,4,2
29.奈良県,,大和高田市,6,4,2
29.奈良県,ﾖ,吉野町,5,3,3
30.和歌山県,ｱ,有田川町,6,4,3
30.和歌山県,,有田市,6,4,3
30.和歌山県,ｲ,印南町,7,4,3
30.和歌山県,,岩出市,6,4,3
30.和歌山県,ｶ,海南市,6,4,3
30.和歌山県,,かつらぎ町（旧かつらぎ町）,6,4,2
30.和歌山県,,かつらぎ町（旧花園村）,5,4,2
30.和歌山県,,上富田町,6,4,3
30.和歌山県,ｷ,北山村,6,4,4
30.和歌山県,,紀の川市（旧打田町、旧粉河町、旧那賀町、旧桃山町）,6,4,3
30.和歌山県,,紀の川市（旧貴志川町）,6,4,2
30.和歌山県,,紀美野町（旧野上町）,6,4,3
30.和歌山県,,紀美野町（旧美里町）,6,4,4
30.和歌山県,ｸ,串本町（旧串本町）,7,5,2
30.和歌山県,,串本町（旧古座町）,7,5,4
30.和歌山県,,九度山町,6,3,3
30.和歌山県,ｺ,高野町,4,4,2
30.和歌山県,,古座川町,7,4,4
30.和歌山県,,御坊市,7,4,3
30.和歌山県,ｼ,白浜町,7,4,4
30.和歌山県,,新宮市,7,4,4
30.和歌山県,ｽ,すさみ町,7,4,4
30.和歌山県,ﾀ,太地町,7,4,4
30.和歌山県,,田辺市（旧田辺市）,7,4,3
30.和歌山県,,田辺市（旧龍神村）,5,4,3
30.和歌山県,,田辺市（旧中辺路町、旧大塔村）,7,4,4
30.和歌山県,,田辺市（旧本宮町）,6,4,3
30.和歌山県,ﾅ,那智勝浦町,7,4,4
30.和歌山県,ﾊ,橋本市,6,3,2
30.和歌山県,ﾋ,日高川町（旧川辺町、旧中津村）,6,4,3
30.和歌山県,,日高川町（旧美山村）,5,4,4
30.和歌山県,,日高町,6,4,3
30.和歌山県,,広川町,6,4,4
30.和歌山県,ﾐ,みなべ町（旧南部川村）,7,4,3
30.和歌山県,,みなべ町（旧南部町）,7,4,2
30.和歌山県,,美浜町,7,4,2
30.和歌山県,ﾕ,湯浅町,6,4,3
30.和歌山県,,由良町,6,4,3
30.和歌山県,ﾜ,和歌山市,7,4,2
31.鳥取県,ｲ,岩美町,6,3,1
31.鳥取県,ｸ,倉吉市,5,3,2
31.鳥取県,ｺ,江府町,5,3,2
31.鳥取県,,琴浦町,6,3,3
31.鳥取県,ｻ,境港市,6,3,1
31.鳥取県,ﾀ,大山町,6,3,3
31.鳥取県,ﾁ,智頭町,5,3,2
31.鳥取県,ﾄ,鳥取市（旧鳥取市、旧福部村、旧気高町、旧青谷町）,6,3,2
31.鳥取県,,鳥取市（旧国府町、旧河原町、旧用瀬町、旧佐治村、旧鹿野町）,6,3,1
31.鳥取県,ﾅ,南部町,5,3,2
31.鳥取県,ﾆ,日南町,4,3,3
31.鳥取県,ﾋ,日吉津村,6,3,2
31.鳥取県,,日野町,4,3,2
31.鳥取県,ﾎ,伯耆町,6,3,2
31.鳥取県,,北栄町,6,3,3
31.鳥取県,ﾐ,三朝町,5,3,2
31.鳥取県,ﾔ,八頭町,5,3,2
31.鳥取県,ﾕ,湯梨浜町（旧羽合町、旧東郷町）,6,3,3
31.鳥取県,,湯梨浜町（旧泊村）,6,3,2
31.鳥取県,ﾖ,米子市（旧米子市）,6,3,2
31.鳥取県,,米子市（旧淀江町）,6,3,3
31.鳥取県,ﾜ,若桜町,4,3,2
32.島根県,ｱ,海士町,6,3,2
32.島根県,ｲ,飯南町,4,3,2
32.島根県,,出雲市（旧出雲市、旧斐川町）,6,3,2
32.島根県,,出雲市（旧平田市、旧佐田町、旧多伎町、旧湖陵町、旧大社町）,6,3,1
32.島根県,ｳ,雲南市,5,3,2
32.島根県,ｵ,大田市（旧大田市）,6,3,2
32.島根県,,大田市（旧温泉津町、旧仁摩町）,6,3,1
32.島根県,,邑南町（旧羽須美村、旧瑞穂町）,5,3,2
32.島根県,,邑南町（旧石見町）,5,3,3
32.島根県,,隠岐の島町（旧西郷町、旧五箇村）,6,3,2
32.島根県,,隠岐の島町（旧布施村）,6,3,3
32.島根県,,隠岐の島町（旧都万村）,6,3,1
32.島根県,,奥出雲町（旧仁多町）,5,3,2
32.島根県,,奥出雲町（旧横田町）,5,3,3
32.島根県,ｶ,川本町,5,3,2
32.島根県,ｺ,江津市（旧江津市）,6,3,2
32.島根県,,江津市（旧桜江町）,6,3,1
32.島根県,ﾁ,知夫村,6,3,1
32.島根県,ﾂ,津和野町,5,3,2
32.島根県,ﾆ,西ノ島町,6,3,1
32.島根県,ﾊ,浜田市（旧浜田市）,6,3,2
32.島根県,,浜田市（旧金城町、旧弥栄村）,6,3,1
32.島根県,,浜田市（旧旭町、旧三隅町）,6,3,3
32.島根県,ﾏ,益田市（旧益田市）,6,4,2
32.島根県,,益田市（旧美都町、旧匹見町）,5,3,3
32.島根県,,松江市（旧松江市、旧鹿島町、旧宍道町）,6,3,2
32.島根県,,松江市（旧島根町、旧美保関町、旧東出雲町、旧八雲村、旧玉湯町、旧八束町）,6,3,1
32.島根県,ﾐ,美郷町,5,3,2
32.島根県,ﾔ,安来市,6,3,1
32.島根県,ﾖ,吉賀町,4,3,3
33.岡山県,ｱ,赤磐市（旧山陽町）,6,4,2
33.岡山県,,赤磐市（旧赤坂町、旧熊山町、旧吉井町）,6,4,3
33.岡山県,,浅口市,6,4,3
33.岡山県,ｲ,井原市（旧井原市、旧美星町）,6,4,2
33.岡山県,,井原市（旧芳井町）,6,4,3
33.岡山県,ｵ,岡山市（旧岡山市、旧灘崎町）,6,4,3
33.岡山県,,岡山市（旧御津町、旧建部町、旧瀬戸町）,6,4,2
33.岡山県,ｶ,鏡野町（旧富村、旧奥津町、旧上齋原村）,5,3,2
33.岡山県,,鏡野町（旧鏡野町）,5,3,3
33.岡山県,,笠岡市,6,4,3
33.岡山県,ｷ,吉備中央町,4,4,2
33.岡山県,ｸ,久米南町,5,4,3
33.岡山県,,倉敷市,6,4,3
33.岡山県,ｻ,里庄町,6,4,3
33.岡山県,ｼ,勝央町,5,4,3
33.岡山県,,新庄村,4,3,2
33.岡山県,ｾ,瀬戸内市,6,4,3
33.岡山県,ｿ,総社市,6,4,3
33.岡山県,ﾀ,高梁市,5,4,3
33.岡山県,,玉野市,6,4,2
33.岡山県,ﾂ,津山市（旧津山市、旧加茂町、旧勝北町、旧久米町）,5,3,3
33.岡山県,,津山市（旧阿波村）,4,3,2
33.岡山県,ﾅ,奈義町,5,3,3
33.岡山県,ﾆ,新見市（旧新見市、旧神郷町、旧哲多町、旧哲西町）,5,3,3
33.岡山県,,新見市（旧大佐町）,5,3,2
33.岡山県,,西粟倉村,4,3,3
33.岡山県,ﾊ,早島町,6,4,3
33.岡山県,ﾋ,備前市,5,4,3
33.岡山県,ﾏ,真庭市（旧北房町、旧勝山町）,5,3,2
33.岡山県,,真庭市（旧落合町、旧久世町）,5,3,3
33.岡山県,,真庭市（旧湯原町、旧美甘村、旧川上村、旧八束村、旧中和村）,4,3,2
33.岡山県,ﾐ,美咲町,5,4,3
33.岡山県,,美作市,5,4,3
33.岡山県,ﾔ,矢掛町,6,4,3
33.岡山県,ﾜ,和気町,5,4,3
34.広島県,ｱ,安芸太田町,4,3,3
34.広島県,,安芸高田市（旧吉田町、旧甲田町、旧向原町）,5,4,3
34.広島県,,安芸高田市（旧八千代町、旧美土里町、旧高宮町）,5,4,2
34.広島県,ｴ,江田島市,6,4,3
34.広島県,ｵ,大崎上島町,6,4,3
34.広島県,,大竹市,6,4,4
34.広島県,,尾道市（旧尾道市、旧因島市、旧御調町、旧向島町）,6,4,3
34.広島県,,尾道市（旧瀬戸田町）,6,4,2
34.広島県,ｶ,海田町,6,4,3
34.広島県,ｷ,北広島町（旧芸北町、旧大朝町、旧豊平町）,5,4,3
34.広島県,,北広島町（旧千代田町）,5,4,2
34.広島県,ｸ,熊野町,5,4,4
34.広島県,,呉市（旧呉市、旧音戸町、旧蒲刈町、旧安浦町、旧川尻町）,6,4,3
34.広島県,,呉市（旧倉橋町、旧下蒲刈町、旧豊浜町、旧豊町）,6,4,2
34.広島県,ｻ,坂町,6,4,3
34.広島県,ｼ,庄原市（旧庄原市）,5,3,3
34.広島県,,庄原市（旧総領町）,4,4,3
34.広島県,,庄原市（旧西城町、旧東城町、旧比和町）,4,3,3
34.広島県,,庄原市（旧口和町、旧高野町）,4,3,2
34.広島県,,神石高原町（旧油木町、旧神石町、旧豊松村）,4,4,3
34.広島県,,神石高原町（旧三和町）,4,4,2
34.広島県,ｾ,世羅町（旧甲山町、旧世羅町）,4,4,2
34.広島県,,世羅町（旧世羅西町）,4,4,4
34.広島県,ﾀ,竹原市,6,4,4
34.広島県,ﾊ,廿日市市（旧廿日市市、旧宮島町）,6,4,3
34.広島県,,廿日市市（旧大野町）,6,4,4
34.広島県,,廿日市市（旧佐伯町）,5,4,2
34.広島県,,廿日市市（旧吉和村）,3,4,3
34.広島県,ﾋ,東広島市（旧東広島市、旧福富町）,5,4,3
34.広島県,,東広島市（旧黒瀬町、旧豊栄町、旧河内町、旧安芸津町）,5,4,4
34.広島県,,広島市,6,4,3
34.広島県,ﾌ,福山市（旧福山市、旧内海町、旧沼隈町、旧新市町）,6,4,3
34.広島県,,福山市（旧神辺町）,6,4,2
34.広島県,,府中市,5,4,3
34.広島県,,府中町,6,4,3
34.広島県,ﾐ,三原市（旧三原市、旧大和町、旧久井町）,6,4,3
34.広島県,,三原市（旧本郷町）,6,4,4
34.広島県,,三次市（旧三次市、旧甲奴町、旧吉舎町、旧三良坂町、旧三和町）,5,3,3
34.広島県,,三次市（旧君田村、旧布野村、旧作木村）,5,3,2
35.山口県,ｱ,阿武町,6,3,2
35.山口県,ｲ,岩国市（旧岩国市、旧玖珂町、旧周東町）,6,4,2
35.山口県,,岩国市（旧由宇町、旧本郷村、旧錦町、旧美川町、旧美和町）,6,4,3
35.山口県,ｳ,宇部市（旧宇部市）,6,4,3
35.山口県,,宇部市（旧楠町）,6,4,4
35.山口県,ｶ,上関町,6,5,3
35.山口県,ｸ,下松市,6,4,3
35.山口県,ｻ,山陽小野田市,6,4,3
35.山口県,ｼ,下関市（旧下関市、旧菊川町）,7,4,3
35.山口県,,下関市（旧豊田町）,5,4,1
35.山口県,,下関市（旧豊浦町）,7,4,2
35.山口県,,下関市（旧豊北町）,7,4,1
35.山口県,,周南市,6,4,3
35.山口県,ｽ,周防大島町（旧久賀町、旧大島町、旧東和町）,6,4,3
35.山口県,,周防大島町（旧橘町）,6,4,2
35.山口県,ﾀ,田布施町,6,4,3
35.山口県,ﾅ,長門市,6,3,2
35.山口県,ﾊ,萩市（旧萩市、旧川上村、旧田万川町、旧須佐町）,6,3,2
35.山口県,,萩市（旧むつみ村）,5,3,2
35.山口県,,萩市（旧旭村）,6,4,2
35.山口県,,萩市（旧福栄村）,5,4,3
35.山口県,ﾋ,光市（旧光市）,6,5,2
35.山口県,,光市（旧大和町）,6,5,3
35.山口県,,平生町,6,4,3
35.山口県,ﾎ,防府市,6,4,3
35.山口県,ﾐ,美祢市（旧美祢市）,5,4,3
35.山口県,,美祢市（旧美東町、旧秋芳町）,5,4,2
35.山口県,ﾔ,柳井市,6,4,3
35.山口県,,山口市（旧山口市、旧徳地町、旧秋穂町、旧小郡町、旧阿知須町）,6,4,3
35.山口県,,山口市（旧阿東町）,6,4,2
35.山口県,ﾜ,和木町,6,4,2
36.徳島県,ｱ,藍住町,6,4,3
36.徳島県,,阿南市,7,4,3
36.徳島県,,阿波市,6,4,3
36.徳島県,ｲ,石井町,6,4,3
36.徳島県,,板野町,6,4,3
36.徳島県,ｶ,海陽町,7,4,4
36.徳島県,,勝浦町,6,4,3
36.徳島県,,上板町,6,4,3
36.徳島県,,上勝町,5,4,4
36.徳島県,,神山町,6,4,3
36.徳島県,ｷ,北島町,6,4,3
36.徳島県,ｺ,小松島市,7,4,3
36.徳島県,ｻ,佐那河内村,6,4,3
36.徳島県,ﾂ,つるぎ町（旧半田町、旧一宇村）,6,3,3
36.徳島県,,つるぎ町（旧貞光町）,6,3,4
36.徳島県,ﾄ,徳島市,6,4,3
36.徳島県,ﾅ,那賀町（旧鷲敷町、旧相生町、旧木沢村、旧木頭村）,6,4,3
36.徳島県,,那賀町（旧上那賀町）,6,4,4
36.徳島県,,鳴門市,6,4,3
36.徳島県,ﾋ,東みよし町,6,3,2
36.徳島県,ﾏ,松茂町,6,4,3
36.徳島県,ﾐ,美波町,7,4,4
36.徳島県,,美馬市（旧脇町、旧美馬町）,6,3,3
36.徳島県,,美馬市（旧穴吹町）,6,3,4
36.徳島県,,美馬市（旧木屋平村）,6,3,2
36.徳島県,,三好市（旧三野町、旧池田町）,5,4,2
36.徳島県,,三好市（旧山城町、旧井川町、旧東祖谷山村、旧西祖谷山村）,5,4,3
36.徳島県,ﾑ,牟岐町,6,4,4
36.徳島県,ﾖ,吉野川市,6,4,3
37.香川県,ｱ,綾川町,6,4,3
37.香川県,ｳ,宇多津町,6,4,3
37.香川県,ｶ,観音寺市,6,4,3
37.香川県,ｺ,琴平町,6,4,3
37.香川県,ｻ,坂出市,6,4,3
37.香川県,,さぬき市,6,4,3
37.香川県,ｼ,小豆島町,6,4,3
37.香川県,ｾ,善通寺市,6,4,3
37.香川県,ﾀ,高松市（旧高松市、旧牟礼町、旧塩江町、旧香川町、旧香南町、旧国分寺町）,6,4,3
37.香川県,,高松市（旧庵治町）,6,4,2
37.香川県,,多度津町,6,4,2
37.香川県,ﾄ,土庄町,6,4,3
37.香川県,ﾅ,直島町,6,4,3
37.香川県,ﾋ,東かがわ市,6,4,3
37.香川県,ﾏ,丸亀市（旧丸亀市）,6,4,2
37.香川県,,丸亀市（旧綾歌町、旧飯山町）,6,4,3
37.香川県,,まんのう町,6,4,3
37.香川県,ﾐ,三木町,6,4,3
37.香川県,,三豊市,6,4,3
38.愛媛県,ｱ,愛南町（旧内海村、旧御荘町、旧城辺町、旧一本松町）,7,4,4
38.愛媛県,,愛南町（旧西海町）,7,4,3
38.愛媛県,ｲ,伊方町（旧伊方町、旧三崎町）,6,4,2
38.愛媛県,,伊方町（旧瀬戸町）,6,4,4
38.愛媛県,,今治市（旧今治市、旧朝倉村、旧玉川町、旧波方町、旧大西町、旧菊間町、旧宮窪町、旧伯方町、旧大三島町、旧関前村）,6,4,3
38.愛媛県,,今治市（旧吉海町、旧上浦町）,6,4,2
38.愛媛県,,伊予市（旧伊予市、旧双海町）,6,4,2
38.愛媛県,,伊予市（旧中山町）,6,4,3
38.愛媛県,ｳ,内子町（旧小田町）,5,3,3
38.愛媛県,,内子町（旧内子町、旧五十崎町）,6,3,2
38.愛媛県,,宇和島市（旧宇和島市、旧吉田町、旧三間町）,7,4,2
38.愛媛県,,宇和島市（旧津島町）,7,4,4
38.愛媛県,ｵ,大洲市（旧大洲市）,6,3,2
38.愛媛県,,大洲市（旧長浜町）,6,4,2
38.愛媛県,,大洲市（旧肱川町）,5,3,4
38.愛媛県,,大洲市（旧河辺村）,5,4,3
38.愛媛県,ｶ,上島町（旧魚島村）,6,4,2
38.愛媛県,,上島町（旧弓削町、旧生名村、旧岩城村）,6,4,3
38.愛媛県,ｷ,鬼北町（旧広見町）,6,4,2
38.愛媛県,,鬼北町（旧日吉村）,6,4,3
38.愛媛県,ｸ,久万高原町,4,4,3
38.愛媛県,ｻ,西条市（旧西条市、旧小松町）,6,4,4
38.愛媛県,,西条市（旧東予市）,6,4,2
38.愛媛県,,西条市（旧丹原町）,6,4,3
38.愛媛県,ｼ,四国中央市（旧川之江市、旧土居町）,6,4,2
38.愛媛県,,四国中央市（旧伊予三島市、旧新宮村）,6,4,3
38.愛媛県,ｾ,西予市（旧三瓶町、旧明浜町、旧宇和町、旧城川町）,6,4,3
38.愛媛県,,西予市（旧野村町）,6,4,4
38.愛媛県,ﾄ,東温市（旧重信町）,6,4,3
38.愛媛県,,東温市（旧川内町）,6,4,4
38.愛媛県,,砥部町（旧砥部町）,6,4,3
38.愛媛県,,砥部町（旧広田村）,6,4,2
38.愛媛県,ﾆ,新居浜市（旧新居浜市）,7,4,2
38.愛媛県,,新居浜市（旧別子山村）,4,4,3
38.愛媛県,ﾏ,松前町,7,4,2
38.愛媛県,,松野町,6,4,3
38.愛媛県,,松山市,7,4,2
38.愛媛県,ﾔ,八幡浜市,6,4,2
39.高知県,ｱ,安芸市,7,5,4
39.高知県,ｲ,いの町（旧本川村）,4,4,3
39.高知県,,いの町（旧伊野町）,6,4,4
39.高知県,,いの町（旧吾北村）,5,4,3
39.高知県,ｳ,馬路村,6,4,4
39.高知県,ｵ,大川村,5,3,3
39.高知県,,大月町,7,5,3
39.高知県,,大豊町,5,3,3
39.高知県,,越知町,6,4,3
39.高知県,ｶ,香美市,6,4,4
39.高知県,ｷ,北川村,7,4,4
39.高知県,ｸ,黒潮町,6,4,3
39.高知県,ｹ,芸西村,7,5,4
39.高知県,ｺ,高知市,7,5,4
39.高知県,,香南市,7,5,4
39.高知県,ｻ,佐川町,6,4,4
39.高知県,ｼ,四万十市,7,4,3
39.高知県,,四万十町（旧窪川町）,6,4,3
39.高知県,,四万十町（旧大正町、旧十和村）,6,4,4
39.高知県,ｽ,宿毛市,7,4,4
39.高知県,,須崎市,7,4,4
39.高知県,ﾀ,田野町,7,4,4
39.高知県,ﾂ,津野町（旧東津野村）,6,4,3
39.高知県,,津野町（旧葉山村）,6,4,4
39.高知県,ﾄ,東洋町,7,4,4
39.高知県,,土佐市,7,5,4
39.高知県,,土佐清水市,7,5,3
39.高知県,,土佐町,5,4,3
39.高知県,ﾅ,中土佐町（旧中土佐町）,7,4,3
39.高知県,,中土佐町（旧大野見村）,7,4,4
39.高知県,,奈半利町,7,4,2
39.高知県,,南国市,7,5,4
39.高知県,ﾆ,仁淀川町,5,4,3
39.高知県,ﾋ,日高村,6,4,4
39.高知県,ﾐ,三原村,6,4,4
39.高知県,ﾑ,室戸市,7,5,4
39.高知県,ﾓ,本山町,5,4,3
39.高知県,ﾔ,安田町,7,5,4
39.高知県,ﾕ,梼原町,4,4,4
40.福岡県,ｱ,赤村,6,4,2
40.福岡県,,朝倉市,6,4,3
40.福岡県,,芦屋町,7,4,1
40.福岡県,ｲ,飯塚市,6,4,2
40.福岡県,,糸島市,6,4,2
40.福岡県,,糸田町,6,4,2
40.福岡県,ｳ,うきは市,6,4,3
40.福岡県,,宇美町,6,4,2
40.福岡県,ｵ,大川市,6,4,3
40.福岡県,,大木町,6,4,3
40.福岡県,,大任町,6,4,2
40.福岡県,,大野城市,6,4,2
40.福岡県,,大牟田市,6,5,3
40.福岡県,,岡垣町,6,4,2
40.福岡県,,小郡市,6,4,3
40.福岡県,,遠賀町,6,4,2
40.福岡県,ｶ,春日市,6,4,2
40.福岡県,,粕屋町,7,4,2
40.福岡県,,嘉麻市,6,4,2
40.福岡県,,川崎町,6,4,2
40.福岡県,,香春町,6,4,2
40.福岡県,,苅田町,6,4,2
40.福岡県,ｷ,北九州市,6,4,2
40.福岡県,ｸ,鞍手町,6,4,2
40.福岡県,,久留米市,6,4,3
40.福岡県,ｹ,桂川町,6,4,2
40.福岡県,ｺ,上毛町,6,4,3
40.福岡県,,古賀市,6,4,2
40.福岡県,,小竹町,6,4,2
40.福岡県,ｻ,篠栗町,6,4,2
40.福岡県,ｼ,志免町,7,4,2
40.福岡県,,新宮町,7,4,1
40.福岡県,ｽ,須恵町,6,4,2
40.福岡県,ｿ,添田町,6,4,2
40.福岡県,ﾀ,田川市,6,4,2
40.福岡県,,太宰府市,6,3,2
40.福岡県,,大刀洗町,6,4,3
40.福岡県,ﾁ,筑後市,6,4,3
40.福岡県,,筑紫野市,6,3,2
40.福岡県,,築上町（旧椎田町）,6,4,2
40.福岡県,,築上町（旧築城町）,6,4,3
40.福岡県,,筑前町,6,4,3
40.福岡県,ﾄ,東峰村,5,4,3
40.福岡県,ﾅ,那珂川市,6,4,2
40.福岡県,,中間市,6,4,2
40.福岡県,ﾉ,直方市,6,4,2
40.福岡県,ﾋ,久山町,6,4,2
40.福岡県,,広川町,6,4,3
40.福岡県,ﾌ,"福岡市（旧福岡市
（東区,西区,早良区））",7,4,1
40.福岡県,,"福岡市（旧福岡市 
（博多区,中央区,南区,城南区））",7,4,3
40.福岡県,,福智町,6,4,2
40.福岡県,,福津市,6,4,2
40.福岡県,,豊前市,6,4,3
40.福岡県,ﾐ,水巻町,6,4,2
40.福岡県,,みやこ町,6,4,2
40.福岡県,,みやま市,6,4,3
40.福岡県,,宮若市,6,4,2
40.福岡県,ﾑ,宗像市,6,4,2
40.福岡県,ﾔ,柳川市,6,4,3
40.福岡県,,八女市,6,4,3
40.福岡県,ﾕ,行橋市,6,4,3
40.福岡県,ﾖ,吉富町,6,4,3
41.佐賀県,ｱ,有田町,6,4,2
41.佐賀県,ｲ,伊万里市,6,4,2
41.佐賀県,ｳ,嬉野市,6,4,3
41.佐賀県,ｵ,大町町,6,4,2
41.佐賀県,,小城市,6,4,2
41.佐賀県,ｶ,鹿島市,6,4,3
41.佐賀県,,上峰町,6,4,3
41.佐賀県,,唐津市,6,4,2
41.佐賀県,,神埼市（旧神埼町、旧千代田町）,6,4,3
41.佐賀県,,神埼市（旧脊振村）,6,4,2
41.佐賀県,ｷ,基山町,6,4,3
41.佐賀県,ｹ,玄海町,6,4,2
41.佐賀県,ｺ,江北町,6,4,2
41.佐賀県,ｻ,佐賀市（旧佐賀市、旧諸富町、旧東与賀町、旧久保田町、旧大和町、旧富士町）,6,4,3
41.佐賀県,,佐賀市（旧川副町、旧三瀬村）,6,4,2
41.佐賀県,ｼ,白石町（旧白石町、旧有明町）,6,4,3
41.佐賀県,,白石町（旧福富町）,6,4,2
41.佐賀県,ﾀ,多久市,6,4,2
41.佐賀県,,武雄市,6,4,2
41.佐賀県,,太良町,6,4,3
41.佐賀県,ﾄ,鳥栖市,6,4,3
41.佐賀県,ﾐ,みやき町,6,4,3
41.佐賀県,ﾖ,吉野ヶ里町,6,4,3
42.長崎県,ｲ,壱岐市,7,4,2
42.長崎県,,諫早市（旧諫早市）,7,4,3
42.長崎県,,諫早市（旧多良見町、旧飯盛町）,7,4,2
42.長崎県,,諫早市（旧森山町、旧高来町、旧小長井町）,7,4,4
42.長崎県,ｳ,雲仙市（旧国見町、旧瑞穂町、旧吾妻町、旧愛野町、旧千々石町）,7,4,4
42.長崎県,,雲仙市（旧小浜町）,6,4,2
42.長崎県,,雲仙市（旧南串山町）,7,4,3
42.長崎県,ｵ,大村市,7,4,2
42.長崎県,,小値賀町,7,4,1
42.長崎県,ｶ,川棚町,6,4,2
42.長崎県,ｺ,五島市,7,4,1
42.長崎県,ｻ,西海市（旧西彼町、旧大島町）,7,4,2
42.長崎県,,西海市（旧西海町、旧崎戸町、旧大瀬戸町）,7,4,3
42.長崎県,,佐々町,6,4,3
42.長崎県,,佐世保市（旧佐世保市、旧宇久町、旧江迎町、旧吉井町）,6,4,3
42.長崎県,,佐世保市（旧鹿町町、旧小佐々町）,6,4,2
42.長崎県,,佐世保市（旧世知原町）,6,4,4
42.長崎県,ｼ,島原市（旧島原市）,7,4,4
42.長崎県,,島原市（旧有明町）,7,4,3
42.長崎県,,新上五島町（旧若松町、旧有川町）,7,3,1
42.長崎県,,新上五島町（旧上五島町、旧新魚目町）,7,3,2
42.長崎県,,新上五島町（旧奈良尾町）,7,3,3
42.長崎県,ﾂ,対馬市,6,4,3
42.長崎県,ﾄ,時津町,7,4,3
42.長崎県,ﾅ,長崎市（旧長崎市、旧高島町、旧野母崎町、旧三和町）,7,4,3
42.長崎県,,長崎市（旧香焼町）,7,4,4
42.長崎県,,長崎市（旧伊王島町、旧琴海町、旧外海町）,7,4,2
42.長崎県,,長与町,7,4,3
42.長崎県,ﾊ,波佐見町,6,4,2
42.長崎県,ﾋ,東彼杵町,6,4,3
42.長崎県,,平戸市（旧平戸市）,7,4,2
42.長崎県,,平戸市（旧大島村）,7,4,4
42.長崎県,,平戸市（旧生月町）,7,4,1
42.長崎県,,平戸市（旧田平町）,7,4,3
42.長崎県,ﾏ,松浦市,6,4,2
42.長崎県,ﾐ,南島原市（旧加津佐町）,7,4,3
42.長崎県,,南島原市（旧口之津町、旧南有馬町、旧北有馬町、旧西有家町、旧有家町、旧布津町、旧深江町）,7,4,4
43.熊本県,ｱ,あさぎり町,6,4,3
43.熊本県,,芦北町,7,4,4
43.熊本県,,阿蘇市,5,4,3
43.熊本県,,天草市（旧本渡市、旧御所浦町）,7,4,3
43.熊本県,,天草市（旧牛深市、旧有明町、旧新和町、旧五和町、旧天草町、旧河浦町）,7,4,2
43.熊本県,,天草市（旧倉岳町、旧栖本町）,7,4,4
43.熊本県,,荒尾市,6,5,3
43.熊本県,ｲ,五木村,5,4,4
43.熊本県,ｳ,宇城市（旧三角町）,7,4,3
43.熊本県,,宇城市（旧不知火町、旧松橋町、旧小川町、旧豊野町）,7,4,2
43.熊本県,,宇土市,7,4,2
43.熊本県,,産山村,5,4,4
43.熊本県,ｵ,大津町,6,4,4
43.熊本県,,小国町,5,3,3
43.熊本県,ｶ,嘉島町,7,4,2
43.熊本県,,上天草市（旧大矢野町、旧松島町、旧龍ケ岳町）,7,4,2
43.熊本県,,上天草市（旧姫戸町）,7,4,4
43.熊本県,ｷ,菊池市（旧菊池市、旧旭志村）,6,4,4
43.熊本県,,菊池市（旧七城町、旧泗水町）,6,4,3
43.熊本県,,菊陽町,6,4,3
43.熊本県,,玉東町,6,4,3
43.熊本県,ｸ,球磨村,6,4,3
43.熊本県,,熊本市,7,4,2
43.熊本県,ｺ,甲佐町,6,4,3
43.熊本県,,合志市,6,4,3
43.熊本県,ｻ,相良村,6,4,3
43.熊本県,ﾀ,高森町,5,4,4
43.熊本県,,玉名市,6,4,3
43.熊本県,,多良木町,6,4,3
43.熊本県,ﾂ,津奈木町,7,4,4
43.熊本県,ﾅ,長洲町,7,4,2
43.熊本県,,和水町,6,4,3
43.熊本県,,南関町,6,4,3
43.熊本県,ﾆ,錦町,6,4,3
43.熊本県,,西原村,6,4,4
43.熊本県,ﾋ,氷川町,7,4,2
43.熊本県,,人吉市,6,4,3
43.熊本県,ﾏ,益城町,6,4,3
43.熊本県,ﾐ,美里町,6,4,3
43.熊本県,,水上村,5,4,4
43.熊本県,,水俣市,7,4,4
43.熊本県,,南阿蘇村,5,4,3
43.熊本県,,南小国町,5,3,3
43.熊本県,,御船町,6,4,3
43.熊本県,ﾔ,八代市（旧八代市、旧千丁町、旧鏡町）,7,4,3
43.熊本県,,八代市（旧坂本村、旧東陽村）,6,4,3
43.熊本県,,八代市（旧泉村）,5,4,3
43.熊本県,,山江村,6,4,3
43.熊本県,,山鹿市（旧山鹿市、旧鹿北町、旧鹿本町、旧鹿央町）,6,4,3
43.熊本県,,山鹿市（旧菊鹿町）,6,4,4
43.熊本県,,山都町（旧蘇陽町、旧清和村）,5,4,4
43.熊本県,,山都町（旧矢部町）,5,4,3
43.熊本県,ﾕ,湯前町,6,4,4
43.熊本県,ﾚ,苓北町,7,4,2
44.大分県,ｳ,宇佐市,6,4,3
44.大分県,,臼杵市,6,4,3
44.大分県,ｵ,大分市（旧大分市、旧佐賀関町）,7,4,3
44.大分県,,大分市（旧野津原町）,6,4,3
44.大分県,ｷ,杵築市（旧杵築市、旧大田村）,6,4,3
44.大分県,,杵築市（旧山香町）,6,4,2
44.大分県,ｸ,玖珠町,5,4,3
44.大分県,,国東市,6,4,3
44.大分県,ｺ,九重町,5,4,3
44.大分県,ｻ,佐伯市（旧佐伯市）,7,4,4
44.大分県,,佐伯市（旧上浦町、旧弥生町、旧米水津村）,7,4,2
44.大分県,,佐伯市（旧本匠村、旧直川村、旧鶴見町、旧蒲江町）,7,4,3
44.大分県,,佐伯市（旧宇目町）,5,4,2
44.大分県,ﾀ,竹田市,6,4,3
44.大分県,ﾂ,津久見市,6,4,3
44.大分県,ﾅ,中津市,6,4,3
44.大分県,ﾋ,日出町,6,4,2
44.大分県,,日田市（旧日田市）,6,4,3
44.大分県,,日田市（旧前津江村、旧中津江村、旧上津江村、旧大山町、旧天瀬町）,6,4,2
44.大分県,,姫島村,6,4,3
44.大分県,ﾌ,豊後大野市（旧三重町、旧清川村、旧大野町、旧千歳村、旧犬飼町）,6,4,4
44.大分県,,豊後大野市（旧緒方町、旧朝地町）,6,4,3
44.大分県,,豊後高田市,6,4,3
44.大分県,ﾍ,別府市,6,4,4
44.大分県,ﾕ,由布市（旧挾間町）,6,4,4
44.大分県,,由布市（旧庄内町）,6,4,3
44.大分県,,由布市（旧湯布院町）,5,4,3
45.宮崎県,ｱ,綾町,7,4,4
45.宮崎県,ｴ,えびの市,6,4,3
45.宮崎県,ｶ,門川町,7,5,4
45.宮崎県,,川南町,7,4,4
45.宮崎県,ｷ,木城町,7,4,4
45.宮崎県,ｸ,串間市,7,4,3
45.宮崎県,,国富町,7,4,4
45.宮崎県,ｺ,五ヶ瀬町,5,4,4
45.宮崎県,,小林市（旧小林市、旧須木村）,6,4,3
45.宮崎県,,小林市（旧野尻町）,6,4,4
45.宮崎県,ｻ,西都市,7,4,4
45.宮崎県,ｼ,椎葉村,5,4,3
45.宮崎県,,新富町,7,4,3
45.宮崎県,ﾀ,高千穂町,6,4,3
45.宮崎県,,高鍋町,7,5,4
45.宮崎県,,高原町,6,4,4
45.宮崎県,ﾂ,都農町,7,4,4
45.宮崎県,ﾆ,西米良村,6,4,4
45.宮崎県,,日南市（旧日南市、旧北郷町）,7,4,3
45.宮崎県,,日南市（旧南郷町）,7,4,2
45.宮崎県,ﾉ,延岡市,7,4,4
45.宮崎県,ﾋ,日之影町,6,4,4
45.宮崎県,,日向市,7,5,4
45.宮崎県,ﾐ,美郷町,6,4,4
45.宮崎県,,三股町,7,4,4
45.宮崎県,,都城市（旧都城市、旧山田町、旧高崎町）,7,4,3
45.宮崎県,,都城市（旧山之口町、旧高城町）,7,4,4
45.宮崎県,,宮崎市（旧宮崎市、旧清武町、旧田野町、旧佐土原町）,7,4,3
45.宮崎県,,宮崎市（旧高岡町）,7,4,4
45.宮崎県,ﾓ,諸塚村,6,4,4
46.鹿児島県,ｱ,姶良市,7,4,4
46.鹿児島県,,阿久根市,7,4,2
46.鹿児島県,,天城町,8,5,定義なし
46.鹿児島県,,奄美市,8,3,定義なし
46.鹿児島県,ｲ,伊佐市,6,4,3
46.鹿児島県,,出水市（旧出水市）,7,4,3
46.鹿児島県,,出水市（旧野田町、旧高尾野町）,7,4,2
46.鹿児島県,,伊仙町,8,5,定義なし
46.鹿児島県,,いちき串木野市,7,4,2
46.鹿児島県,,指宿市,7,4,2
46.鹿児島県,ｳ,宇検村,8,4,定義なし
46.鹿児島県,ｵ,大崎町,7,4,4
46.鹿児島県,ｶ,鹿児島市（旧鹿児島市、旧桜島町、旧喜入町、旧松元町、旧郡山町）,7,4,2
46.鹿児島県,,鹿児島市（旧吉田町）,7,4,3
46.鹿児島県,,鹿屋市（旧鹿屋市、旧輝北町、旧串良町）,7,4,4
46.鹿児島県,,鹿屋市（旧吾平町）,7,4,3
46.鹿児島県,ｷ,喜界町,8,2,定義なし
46.鹿児島県,,肝付町,7,4,2
46.鹿児島県,,霧島市（旧国分市、旧溝辺町、旧隼人町、旧福山町）,7,4,4
46.鹿児島県,,霧島市（旧横川町、旧牧園町、旧霧島町）,7,4,3
46.鹿児島県,,錦江町,7,4,3
46.鹿児島県,ｻ,薩摩川内市（旧川内市、旧里村、旧上甑村、旧下甑村、旧鹿島村）,7,4,2
46.鹿児島県,,薩摩川内市（旧樋脇町、旧入来町、旧東郷町）,7,4,3
46.鹿児島県,,薩摩川内市（旧祁答院町）,7,4,4
46.鹿児島県,,さつま町,7,4,2
46.鹿児島県,ｼ,志布志市,7,4,4
46.鹿児島県,ｾ,瀬戸内町,8,4,定義なし
46.鹿児島県,ｿ,曽於市,7,4,3
46.鹿児島県,ﾀ,龍郷町,8,3,定義なし
46.鹿児島県,,垂水市,7,4,3
46.鹿児島県,ﾁ,知名町,8,5,定義なし
46.鹿児島県,ﾄ,徳之島町,8,5,定義なし
46.鹿児島県,,十島村,7,4,1
46.鹿児島県,ﾅ,長島町,7,4,2
46.鹿児島県,,中種子町,7,4,1
46.鹿児島県,ﾆ,西之表市,7,4,1
46.鹿児島県,ﾋ,日置市,7,4,2
46.鹿児島県,,東串良町,7,4,2
46.鹿児島県,ﾏ,枕崎市,7,4,2
46.鹿児島県,ﾐ,三島村,7,4,1
46.鹿児島県,,南大隅町（旧根占町）,7,4,3
46.鹿児島県,,南大隅町（旧佐多町）,7,4,2
46.鹿児島県,,南九州市,7,4,2
46.鹿児島県,,南さつま市,7,4,1
46.鹿児島県,,南種子町,7,3,1
46.鹿児島県,ﾔ,屋久島町,7,3,1
46.鹿児島県,,大和村,8,4,定義なし
46.鹿児島県,ﾕ,湧水町,6,4,3
46.鹿児島県,ﾖ,与論町,8,5,定義なし
46.鹿児島県,ﾜ,和泊町,8,5,定義なし
47.沖縄県,ｱ,粟国村,8,5,定義なし
47.沖縄県,ｲ,伊江村,8,5,定義なし
47.沖縄県,,石垣市,8,5,定義なし
47.沖縄県,,伊是名村,8,5,定義なし
47.沖縄県,,糸満市,8,4,定義なし
47.沖縄県,,伊平屋村,8,5,定義なし
47.沖縄県,ｳ,浦添市,8,5,定義なし
47.沖縄県,,うるま市（旧石川市、旧具志川市）,8,5,定義なし
47.沖縄県,,うるま市（旧与那城町、旧勝連町）,8,4,定義なし
47.沖縄県,ｵ,大宜味村,8,4,定義なし
47.沖縄県,,沖縄市,8,5,定義なし
47.沖縄県,,恩納村,8,5,定義なし
47.沖縄県,ｶ,嘉手納町,8,5,定義なし
47.沖縄県,ｷ,北大東村,8,5,定義なし
47.沖縄県,,北中城村,8,5,定義なし
47.沖縄県,,宜野座村,8,5,定義なし
47.沖縄県,,宜野湾市,8,5,定義なし
47.沖縄県,,金武町,8,5,定義なし
47.沖縄県,ｸ,国頭村,8,4,定義なし
47.沖縄県,,久米島町,8,5,定義なし
47.沖縄県,ｻ,座間味村,8,4,定義なし
47.沖縄県,ﾀ,竹富町,8,5,定義なし
47.沖縄県,,多良間村,8,5,定義なし
47.沖縄県,ﾁ,北谷町,8,5,定義なし
47.沖縄県,ﾄ,渡嘉敷村,8,4,定義なし
47.沖縄県,,渡名喜村,8,5,定義なし
47.沖縄県,,豊見城市,8,5,定義なし
47.沖縄県,ﾅ,中城村,8,5,定義なし
47.沖縄県,,今帰仁村,8,5,定義なし
47.沖縄県,,名護市,8,5,定義なし
47.沖縄県,,那覇市,8,5,定義なし
47.沖縄県,,南城市,8,4,定義なし
47.沖縄県,ﾆ,西原町,8,5,定義なし
47.沖縄県,ﾊ,南風原町,8,5,定義なし
47.沖縄県,ﾋ,東村,8,4,定義なし
47.沖縄県,ﾐ,南大東村,8,5,定義なし
47.沖縄県,,宮古島市,8,5,定義なし
47.沖縄県,ﾓ,本部町,8,5,定義なし
47.沖縄県,ﾔ,八重瀬町（旧東風平町）,8,5,定義なし
47.沖縄県,,八重瀬町（旧具志頭村）,8,4,定義なし
47.沖縄県,ﾖ,与那国町,8,4,定義なし
47.沖縄県,,与那原町,8,5,定義なし
47.沖縄県,,読谷村,8,5,定義なし
